ts_utc,open,high,low,close,volume
2026-05-04T00:00:00Z,1339000.0000,1354000.0000,1333000.0000,1354000.0000,503418
2026-05-04T00:30:00Z,1353500.0000,1364000.0000,1351000.0000,1361000.0000,498793
2026-05-04T01:00:00Z,1362000.0000,1382000.0000,1359000.0000,1382000.0000,430467
2026-05-04T01:30:00Z,1381000.0000,1404000.0000,1380000.0000,1404000.0000,495371
2026-05-04T02:00:00Z,1404000.0000,1410000.0000,1393000.0000,1402000.0000,401045
2026-05-04T02:30:00Z,1403000.0000,1444000.0000,1402000.0000,1426000.0000,549608
2026-05-04T03:00:00Z,1426000.0000,1435000.0000,1419500.0000,1435000.0000,303498
2026-05-04T03:30:00Z,1434000.0000,1440000.0000,1429000.0000,1439000.0000,252901
2026-05-04T04:00:00Z,1439000.0000,1440000.0000,1431000.0000,1431000.0000,206425
2026-05-04T04:30:00Z,1431000.0000,1437000.0000,1427000.0000,1428000.0000,212651
2026-05-04T05:00:00Z,1428000.0000,1439000.0000,1424000.0000,1437000.0000,245929
2026-05-04T05:30:00Z,1438000.0000,1444000.0000,1435000.0000,1442000.0000,321841
2026-05-06T00:00:00Z,1590000.0000,1601000.0000,1557000.0000,1569000.0000,1005943
2026-05-06T00:30:00Z,1569000.0000,1593000.0000,1565000.0000,1587000.0000,468558
2026-05-06T01:00:00Z,1587000.0000,1593000.0000,1578000.0000,1580000.0000,364776
2026-05-06T01:30:00Z,1580000.0000,1598000.0000,1580000.0000,1595500.0000,373901
2026-05-06T02:00:00Z,1596000.0000,1597000.0000,1590000.0000,1593000.0000,204307
2026-05-06T02:30:00Z,1593000.0000,1598000.0000,1587000.0000,1591000.0000,287641
2026-05-06T03:00:00Z,1592000.0000,1602000.0000,1591000.0000,1597000.0000,247053
2026-05-06T03:30:00Z,1597000.0000,1602000.0000,1588000.0000,1593000.0000,257770
2026-05-06T04:00:00Z,1592000.0000,1602000.0000,1592000.0000,1601000.0000,211624
2026-05-06T04:30:00Z,1601000.0000,1607000.0000,1597000.0000,1598000.0000,290586
2026-05-06T05:00:00Z,1598000.0000,1605000.0000,1594000.0000,1603000.0000,248860
2026-05-06T05:30:00Z,1603000.0000,1612000.0000,1601000.0000,1609000.0000,450109
2026-05-07T00:00:00Z,1622000.0000,1648000.0000,1573000.0000,1581000.0000,916593
2026-05-07T00:30:00Z,1581000.0000,1605000.0000,1567000.0000,1577000.0000,565804
2026-05-07T01:00:00Z,1576000.0000,1585000.0000,1571000.0000,1581000.0000,379504
2026-05-07T01:30:00Z,1580000.0000,1605000.0000,1567000.0000,1604000.0000,374112
2026-05-07T02:00:00Z,1604000.0000,1619000.0000,1604000.0000,1616000.0000,236545
2026-05-07T02:30:00Z,1618000.0000,1624000.0000,1601000.0000,1610000.0000,195578
2026-05-07T03:00:00Z,1609000.0000,1612000.0000,1596000.0000,1612000.0000,189915
2026-05-07T03:30:00Z,1611000.0000,1619000.0000,1608000.0000,1609000.0000,185036
2026-05-07T04:00:00Z,1609000.0000,1616000.0000,1604000.0000,1616000.0000,152686
2026-05-07T04:30:00Z,1616000.0000,1618000.0000,1609000.0000,1612000.0000,158291
2026-05-07T05:00:00Z,1612000.0000,1657000.0000,1612000.0000,1650000.0000,467182
2026-05-07T05:30:00Z,1650000.0000,1665000.0000,1649000.0000,1656000.0000,400772
2026-05-08T00:00:00Z,1591000.0000,1615000.0000,1591000.0000,1614000.0000,333552
2026-05-08T00:30:00Z,1614000.0000,1652000.0000,1612000.0000,1652000.0000,436679
2026-05-08T01:00:00Z,1652000.0000,1662000.0000,1646000.0000,1647000.0000,344023
2026-05-08T01:30:00Z,1647000.0000,1652000.0000,1628000.0000,1630500.0000,309255
2026-05-08T02:00:00Z,1630500.0000,1633000.0000,1620000.0000,1630000.0000,237785
2026-05-08T02:30:00Z,1629000.0000,1640000.0000,1622500.0000,1637000.0000,149146
2026-05-08T03:00:00Z,1637000.0000,1645000.0000,1634000.0000,1636000.0000,138841
2026-05-08T03:30:00Z,1636000.0000,1642000.0000,1630000.0000,1639000.0000,141198
2026-05-08T04:00:00Z,1639000.0000,1647000.0000,1631000.0000,1646000.0000,138139
2026-05-08T04:30:00Z,1646000.0000,1647000.0000,1636000.0000,1644500.0000,137868
2026-05-08T05:00:00Z,1645000.0000,1680000.0000,1644000.0000,1669000.0000,373666
2026-05-08T05:30:00Z,1670000.0000,1684000.0000,1669000.0000,1676000.0000,301037
2026-05-11T00:00:00Z,1833000.0000,1859000.0000,1826000.0000,1846000.0000,636893
2026-05-11T00:30:00Z,1847000.0000,1900000.0000,1845000.0000,1868000.0000,872247
2026-05-11T01:00:00Z,1869000.0000,1895000.0000,1840000.0000,1894000.0000,601260
2026-05-11T01:30:00Z,1894000.0000,1900000.0000,1880000.0000,1894000.0000,427301
2026-05-11T02:00:00Z,1894000.0000,1895000.0000,1881000.0000,1890000.0000,288034
2026-05-11T02:30:00Z,1890000.0000,1891000.0000,1870000.0000,1877000.0000,251966
2026-05-11T03:00:00Z,1877000.0000,1888000.0000,1866000.0000,1887000.0000,234000
2026-05-11T03:30:00Z,1888000.0000,1894000.0000,1881000.0000,1893000.0000,211965
2026-05-11T04:00:00Z,1893000.0000,1920000.0000,1884000.0000,1913000.0000,428604
2026-05-11T04:30:00Z,1913000.0000,1917000.0000,1900000.0000,1912000.0000,319720
2026-05-11T05:00:00Z,1911000.0000,1947000.0000,1911000.0000,1947000.0000,538116
2026-05-11T05:30:00Z,1946500.0000,1949000.0000,1903000.0000,1904000.0000,666059
2026-05-12T00:00:00Z,1944000.0000,1967000.0000,1910000.0000,1943000.0000,906166
2026-05-12T00:30:00Z,1943000.0000,1953000.0000,1937000.0000,1937000.0000,392571
2026-05-12T01:00:00Z,1937000.0000,1945000.0000,1877000.0000,1891000.0000,888209
2026-05-12T01:30:00Z,1891000.0000,1893000.0000,1804000.0000,1848000.0000,1684855
2026-05-12T02:00:00Z,1848000.0000,1915000.0000,1840000.0000,1900000.0000,624923
2026-05-12T02:30:00Z,1899000.0000,1928000.0000,1882000.0000,1925000.0000,388631
2026-05-12T03:00:00Z,1925000.0000,1928000.0000,1895000.0000,1898000.0000,320313
2026-05-12T03:30:00Z,1899000.0000,1903000.0000,1873000.0000,1875000.0000,308356
2026-05-12T04:00:00Z,1874000.0000,1892000.0000,1862000.0000,1869000.0000,312824
2026-05-12T04:30:00Z,1869000.0000,1880000.0000,1837000.0000,1838000.0000,442679
2026-05-12T05:00:00Z,1838000.0000,1860000.0000,1818000.0000,1854000.0000,581874
2026-05-12T05:30:00Z,1855000.0000,1862000.0000,1827000.0000,1844000.0000,564019
2026-05-13T00:00:00Z,1781000.0000,1829000.0000,1781000.0000,1813000.0000,678154
2026-05-13T00:30:00Z,1813000.0000,1847000.0000,1803000.0000,1846000.0000,532109
2026-05-13T01:00:00Z,1846000.0000,1901000.0000,1841000.0000,1893000.0000,779846
2026-05-13T01:30:00Z,1893000.0000,1920000.0000,1884000.0000,1897500.0000,512305
2026-05-13T02:00:00Z,1898000.0000,1912000.0000,1888000.0000,1908000.0000,298728
2026-05-13T02:30:00Z,1908000.0000,1930000.0000,1908000.0000,1914000.0000,327773
2026-05-13T03:00:00Z,1914000.0000,1924000.0000,1910000.0000,1917000.0000,152492
2026-05-13T03:30:00Z,1916000.0000,1933000.0000,1916000.0000,1932000.0000,280221
2026-05-13T04:00:00Z,1932000.0000,1972000.0000,1930000.0000,1966000.0000,562387
2026-05-13T04:30:00Z,1966000.0000,1973000.0000,1956000.0000,1962000.0000,385550
2026-05-13T05:00:00Z,1963000.0000,1970000.0000,1956000.0000,1956000.0000,314176
2026-05-13T05:30:00Z,1956000.0000,1987000.0000,1956000.0000,1985000.0000,562027
2026-05-14T00:00:00Z,1976000.0000,1994000.0000,1945000.0000,1960000.0000,769475
2026-05-14T00:30:00Z,1960000.0000,1990000.0000,1956000.0000,1989000.0000,476060
2026-05-14T01:00:00Z,1988000.0000,1990000.0000,1968000.0000,1981000.0000,374648
2026-05-14T01:30:00Z,1981000.0000,1988000.0000,1957000.0000,1958000.0000,380621
2026-05-14T02:00:00Z,1958000.0000,1976000.0000,1953000.0000,1967000.0000,302984
2026-05-14T02:30:00Z,1967000.0000,1970000.0000,1950000.0000,1952000.0000,211947
2026-05-14T03:00:00Z,1952000.0000,1965000.0000,1951000.0000,1957000.0000,150032
2026-05-14T03:30:00Z,1957000.0000,1957000.0000,1940000.0000,1946000.0000,251548
2026-05-14T04:00:00Z,1946000.0000,1966000.0000,1937000.0000,1960000.0000,254437
2026-05-14T04:30:00Z,1960000.0000,1963000.0000,1947000.0000,1950000.0000,179046
2026-05-14T05:00:00Z,1949000.0000,1956000.0000,1938000.0000,1949000.0000,222291
2026-05-14T05:30:00Z,1948000.0000,1954000.0000,1939000.0000,1953000.0000,252445
2026-05-15T00:00:00Z,1950000.0000,1995000.0000,1945000.0000,1988000.0000,529540
2026-05-15T00:30:00Z,1988000.0000,1991000.0000,1962000.0000,1968000.0000,327313
2026-05-15T01:00:00Z,1968000.0000,1972000.0000,1950000.0000,1950000.0000,243631
2026-05-15T01:30:00Z,1950000.0000,1961000.0000,1893000.0000,1895000.0000,512901
2026-05-15T02:00:00Z,1895000.0000,1918000.0000,1874000.0000,1897000.0000,780492
2026-05-15T02:30:00Z,1896000.0000,1922000.0000,1890000.0000,1904000.0000,298106
2026-05-15T03:00:00Z,1904000.0000,1908000.0000,1892000.0000,1896000.0000,205996
2026-05-15T03:30:00Z,1896000.0000,1904000.0000,1891000.0000,1891000.0000,228778
2026-05-15T04:00:00Z,1891000.0000,1892000.0000,1850000.0000,1857000.0000,509091
2026-05-15T04:30:00Z,1857000.0000,1875000.0000,1831000.0000,1833000.0000,578442
2026-05-15T05:00:00Z,1833000.0000,1862000.0000,1825000.0000,1828000.0000,560647
2026-05-15T05:30:00Z,1828000.0000,1828000.0000,1797000.0000,1799000.0000,773976
2026-05-18T00:00:00Z,1780000.0000,1804000.0000,1731000.0000,1801500.0000,1077486
2026-05-18T00:30:00Z,1801500.0000,1819000.0000,1758000.0000,1819000.0000,629556
2026-05-18T01:00:00Z,1819000.0000,1829000.0000,1797000.0000,1819000.0000,522247
2026-05-18T01:30:00Z,1819000.0000,1857000.0000,1815000.0000,1840000.0000,580902
2026-05-18T02:00:00Z,1840000.0000,1896000.0000,1830000.0000,1895000.0000,439507
2026-05-18T02:30:00Z,1895000.0000,1897000.0000,1850000.0000,1854000.0000,403766
2026-05-18T03:00:00Z,1854000.0000,1870000.0000,1843000.0000,1853000.0000,233488
2026-05-18T03:30:00Z,1852000.0000,1857000.0000,1836000.0000,1848000.0000,274850
2026-05-18T04:00:00Z,1849000.0000,1864000.0000,1828000.0000,1831000.0000,259762
2026-05-18T04:30:00Z,1830000.0000,1844000.0000,1828000.0000,1839000.0000,172512
2026-05-18T05:00:00Z,1839000.0000,1850000.0000,1812000.0000,1828000.0000,275994
2026-05-18T05:30:00Z,1830000.0000,1850000.0000,1825000.0000,1837000.0000,254502
2026-05-19T00:00:00Z,1791000.0000,1823000.0000,1790000.0000,1822000.0000,349075
2026-05-19T00:30:00Z,1822000.0000,1822000.0000,1786000.0000,1786000.0000,321478
2026-05-19T01:00:00Z,1786000.0000,1800000.0000,1763000.0000,1771000.0000,400348
2026-05-19T01:30:00Z,1771000.0000,1784000.0000,1752000.0000,1754000.0000,336184
2026-05-19T02:00:00Z,1754000.0000,1761000.0000,1740000.0000,1752000.0000,393196
2026-05-19T02:30:00Z,1752000.0000,1778000.0000,1748000.0000,1775000.0000,227390
2026-05-19T03:00:00Z,1775000.0000,1795000.0000,1767000.0000,1795000.0000,196615
2026-05-19T03:30:00Z,1795000.0000,1801000.0000,1772000.0000,1782000.0000,230324
2026-05-19T04:00:00Z,1782000.0000,1782000.0000,1750000.0000,1751000.0000,226836
2026-05-19T04:30:00Z,1752000.0000,1759000.0000,1743000.0000,1751000.0000,301433
2026-05-19T05:00:00Z,1751000.0000,1772000.0000,1750000.0000,1768500.0000,338953
2026-05-19T05:30:00Z,1769000.0000,1774000.0000,1761000.0000,1769000.0000,294214
2026-05-20T00:00:00Z,1743000.0000,1758000.0000,1690000.0000,1726000.0000,758362
2026-05-20T00:30:00Z,1726000.0000,1739000.0000,1703000.0000,1716000.0000,470470
2026-05-20T01:00:00Z,1716000.0000,1753000.0000,1710000.0000,1712000.0000,389241
2026-05-20T01:30:00Z,1713000.0000,1741000.0000,1712000.0000,1740000.0000,255054
2026-05-20T02:00:00Z,1740000.0000,1774000.0000,1733000.0000,1752000.0000,369788
2026-05-20T02:30:00Z,1752000.0000,1778000.0000,1713000.0000,1749500.0000,792857
2026-05-20T03:00:00Z,1750000.0000,1763000.0000,1736000.0000,1754000.0000,270946
2026-05-20T03:30:00Z,1754000.0000,1763000.0000,1742000.0000,1742000.0000,216970
2026-05-20T04:00:00Z,1743000.0000,1760000.0000,1742000.0000,1750000.0000,203954
2026-05-20T04:30:00Z,1751000.0000,1751000.0000,1734000.0000,1737000.0000,193479
2026-05-20T05:00:00Z,1737000.0000,1752000.0000,1734000.0000,1738000.0000,166429
2026-05-20T05:30:00Z,1739000.0000,1751000.0000,1735000.0000,1747000.0000,216122
2026-05-21T00:00:00Z,1801000.0000,1831000.0000,1796000.0000,1831000.0000,411946
2026-05-21T00:30:00Z,1830000.0000,1886000.0000,1822000.0000,1880000.0000,541895
2026-05-21T01:00:00Z,1880000.0000,1914000.0000,1873000.0000,1896000.0000,530549
2026-05-21T01:30:00Z,1896500.0000,1911000.0000,1886000.0000,1899000.0000,468915
2026-05-21T02:00:00Z,1899000.0000,1943000.0000,1899000.0000,1940000.0000,443852
2026-05-21T02:30:00Z,1940000.0000,1954000.0000,1934000.0000,1935000.0000,358659
2026-05-21T03:00:00Z,1935000.0000,1950000.0000,1931000.0000,1947000.0000,215660
2026-05-21T03:30:00Z,1947000.0000,1950000.0000,1930000.0000,1937000.0000,196235
2026-05-21T04:00:00Z,1937000.0000,1946000.0000,1934000.0000,1936000.0000,175498
2026-05-21T04:30:00Z,1936000.0000,1946000.0000,1934000.0000,1940000.0000,193424
2026-05-21T05:00:00Z,1940000.0000,1948000.0000,1936000.0000,1941000.0000,216239
2026-05-21T05:30:00Z,1941000.0000,1950000.0000,1937000.0000,1948000.0000,302340
2026-05-22T00:00:00Z,1942000.0000,1952000.0000,1916000.0000,1938000.0000,434622
2026-05-22T00:30:00Z,1937000.0000,1944000.0000,1916000.0000,1920000.0000,253333
2026-05-22T01:00:00Z,1919000.0000,1934000.0000,1912000.0000,1923000.0000,212341
2026-05-22T01:30:00Z,1923000.0000,1949000.0000,1922000.0000,1940000.0000,238282
2026-05-22T02:00:00Z,1939000.0000,1944000.0000,1929000.0000,1933000.0000,154383
2026-05-22T02:30:00Z,1933000.0000,1944000.0000,1933000.0000,1939000.0000,118724
2026-05-22T03:00:00Z,1940000.0000,1941000.0000,1932000.0000,1933000.0000,103942
2026-05-22T03:30:00Z,1933000.0000,1939000.0000,1928000.0000,1939000.0000,105702
2026-05-22T04:00:00Z,1938000.0000,1942000.0000,1935000.0000,1940000.0000,113809
2026-05-22T04:30:00Z,1939000.0000,1943000.0000,1935000.0000,1942000.0000,137170
2026-05-22T05:00:00Z,1943000.0000,1946000.0000,1940000.0000,1946000.0000,157932
2026-05-22T05:30:00Z,1945000.0000,1950000.0000,1940000.0000,1940000.0000,214284
2026-05-26T00:00:00Z,2008000.0000,2049000.0000,2006000.0000,2048000.0000,562421
2026-05-26T00:30:00Z,2048500.0000,2087000.0000,2048000.0000,2082000.0000,679365
2026-05-26T01:00:00Z,2082000.0000,2085000.0000,2057000.0000,2075000.0000,334227
2026-05-26T01:30:00Z,2075000.0000,2075000.0000,2042000.0000,2067500.0000,335257
2026-05-26T02:00:00Z,2067500.0000,2078000.0000,2064000.0000,2067000.0000,182625
2026-05-26T02:30:00Z,2067000.0000,2075000.0000,2064000.0000,2067000.0000,123249
2026-05-26T03:00:00Z,2067000.0000,2075000.0000,2062000.0000,2074000.0000,136595
2026-05-26T03:30:00Z,2075000.0000,2079000.0000,2073000.0000,2077000.0000,165031
2026-05-26T04:00:00Z,2077000.0000,2086000.0000,2077000.0000,2081000.0000,223078
2026-05-26T04:30:00Z,2081000.0000,2085000.0000,2074000.0000,2078000.0000,165726
2026-05-26T05:00:00Z,2077000.0000,2078000.0000,2061000.0000,2070000.0000,189580
2026-05-26T05:30:00Z,2070000.0000,2085000.0000,2064000.0000,2084000.0000,280593
2026-05-27T00:00:00Z,2279000.0000,2279000.0000,2200000.0000,2234000.0000,1119888
2026-05-27T00:30:00Z,2234000.0000,2267000.0000,2225000.0000,2256000.0000,636901
2026-05-27T01:00:00Z,2256000.0000,2264000.0000,2229000.0000,2264000.0000,399453
2026-05-27T01:30:00Z,2264000.0000,2280000.0000,2255000.0000,2280000.0000,404962
2026-05-27T02:00:00Z,2280000.0000,2335000.0000,2271000.0000,2330000.0000,597329
2026-05-27T02:30:00Z,2330000.0000,2358000.0000,2320000.0000,2342000.0000,551817
2026-05-27T03:00:00Z,2342000.0000,2343000.0000,2312000.0000,2337000.0000,319726
2026-05-27T03:30:00Z,2337000.0000,2337000.0000,2314000.0000,2314000.0000,233737
2026-05-27T04:00:00Z,2315000.0000,2333000.0000,2266000.0000,2268000.0000,374382
2026-05-27T04:30:00Z,2268000.0000,2317000.0000,2267000.0000,2303000.0000,365888
2026-05-27T05:00:00Z,2303000.0000,2310000.0000,2267000.0000,2300000.0000,381709
2026-05-27T05:30:00Z,2300000.0000,2302000.0000,2239000.0000,2279000.0000,530743
2026-05-28T00:00:00Z,2189000.0000,2251000.0000,2162000.0000,2238000.0000,694791
2026-05-28T00:30:00Z,2238000.0000,2305000.0000,2227000.0000,2300000.0000,618246
2026-05-28T01:00:00Z,2300000.0000,2300000.0000,2256000.0000,2266000.0000,331239
2026-05-28T01:30:00Z,2266000.0000,2279000.0000,2231000.0000,2276000.0000,377604
2026-05-28T02:00:00Z,2277000.0000,2277000.0000,2250000.0000,2261000.0000,160387
2026-05-28T02:30:00Z,2261000.0000,2268000.0000,2241000.0000,2246000.0000,161041
2026-05-28T03:00:00Z,2246000.0000,2253000.0000,2215000.0000,2222000.0000,225552
2026-05-28T03:30:00Z,2222000.0000,2222000.0000,2176000.0000,2197000.0000,483970
2026-05-28T04:00:00Z,2197000.0000,2198000.0000,2151000.0000,2180000.0000,524500
2026-05-28T04:30:00Z,2179000.0000,2209000.0000,2171000.0000,2193000.0000,301476
2026-05-28T05:00:00Z,2192000.0000,2248000.0000,2178000.0000,2238000.0000,325034
2026-05-28T05:30:00Z,2238000.0000,2257000.0000,2223000.0000,2248000.0000,369046
2026-05-29T00:00:00Z,2352000.0000,2379000.0000,2322000.0000,2357000.0000,728528
2026-05-29T00:30:00Z,2357000.0000,2370000.0000,2332000.0000,2333000.0000,366768
2026-05-29T01:00:00Z,2333000.0000,2355000.0000,2320000.0000,2332000.0000,296989
2026-05-29T01:30:00Z,2333000.0000,2339000.0000,2321000.0000,2324000.0000,246547
2026-05-29T02:00:00Z,2323500.0000,2330000.0000,2300000.0000,2301000.0000,283046
2026-05-29T02:30:00Z,2300000.0000,2322000.0000,2290500.0000,2300000.0000,230489
2026-05-29T03:00:00Z,2301000.0000,2330000.0000,2300000.0000,2318000.0000,191128
2026-05-29T03:30:00Z,2318000.0000,2323000.0000,2308000.0000,2319000.0000,137084
2026-05-29T04:00:00Z,2319000.0000,2322000.0000,2308000.0000,2316000.0000,192806
2026-05-29T04:30:00Z,2315500.0000,2328000.0000,2311000.0000,2312000.0000,195983
2026-05-29T05:00:00Z,2312000.0000,2320000.0000,2305000.0000,2305000.0000,226182
2026-05-29T05:30:00Z,2306000.0000,2311000.0000,2300000.0000,2300000.0000,255405
2026-06-01T00:00:00Z,2299000.0000,2345000.0000,2296000.0000,2311000.0000,594254
2026-06-01T00:30:00Z,2310000.0000,2337000.0000,2307000.0000,2326000.0000,458074
2026-06-01T01:00:00Z,2326000.0000,2375000.0000,2326000.0000,2348000.0000,550394
2026-06-01T01:30:00Z,2348000.0000,2395000.0000,2346000.0000,2395000.0000,464375
2026-06-01T02:00:00Z,2395000.0000,2398000.0000,2375000.0000,2385000.0000,392906
2026-06-01T02:30:00Z,2385000.0000,2388000.0000,2361000.0000,2378000.0000,255842
2026-06-01T03:00:00Z,2378000.0000,2384000.0000,2368000.0000,2374000.0000,175365
2026-06-01T03:30:00Z,2375000.0000,2378000.0000,2344000.0000,2355000.0000,247699
2026-06-01T04:00:00Z,2354000.0000,2370000.0000,2353000.0000,2369000.0000,183834
2026-06-01T04:30:00Z,2368000.0000,2385000.0000,2368000.0000,2384000.0000,266750
2026-06-01T05:00:00Z,2384000.0000,2385000.0000,2345000.0000,2346000.0000,283292
2026-06-01T05:30:00Z,2346000.0000,2371000.0000,2341000.0000,2368000.0000,297058
2026-06-02T00:00:00Z,2376000.0000,2407000.0000,2259000.0000,2339000.0000,1002210
2026-06-02T00:30:00Z,2339000.0000,2377000.0000,2290000.0000,2292000.0000,557340
2026-06-02T01:00:00Z,2293000.0000,2329000.0000,2290000.0000,2319000.0000,395904
2026-06-02T01:30:00Z,2320000.0000,2341000.0000,2284000.0000,2285000.0000,384364
2026-06-02T02:00:00Z,2285000.0000,2311000.0000,2262000.0000,2301000.0000,395080
2026-06-02T02:30:00Z,2303000.0000,2335000.0000,2299000.0000,2325000.0000,199083
2026-06-02T03:00:00Z,2325000.0000,2330000.0000,2286000.0000,2287000.0000,209990
2026-06-02T03:30:00Z,2287000.0000,2309000.0000,2283000.0000,2297000.0000,197904
2026-06-02T04:00:00Z,2296000.0000,2307000.0000,2284000.0000,2294000.0000,225422
2026-06-02T04:30:00Z,2296000.0000,2317000.0000,2286000.0000,2310000.0000,179941
2026-06-02T05:00:00Z,2310000.0000,2324000.0000,2305000.0000,2323000.0000,234105
2026-06-02T05:30:00Z,2323500.0000,2368000.0000,2323000.0000,2342000.0000,421297
2026-06-04T00:00:00Z,2284000.0000,2303000.0000,2262000.0000,2299000.0000,407193
2026-06-04T00:30:00Z,2299000.0000,2327000.0000,2285000.0000,2290000.0000,374973
2026-06-04T01:00:00Z,2291000.0000,2305000.0000,2282000.0000,2286000.0000,333849
2026-06-04T01:30:00Z,2286000.0000,2312000.0000,2281000.0000,2282000.0000,223491
2026-06-04T02:00:00Z,2282000.0000,2287000.0000,2267000.0000,2284000.0000,219840
2026-06-04T02:30:00Z,2284000.0000,2303000.0000,2280000.0000,2291000.0000,170211
2026-06-04T03:00:00Z,2290000.0000,2310000.0000,2288000.0000,2309000.0000,142210
2026-06-04T03:30:00Z,2310000.0000,2315000.0000,2293000.0000,2302000.0000,123769
2026-06-04T04:00:00Z,2303000.0000,2303000.0000,2290000.0000,2291000.0000,106243
2026-06-04T04:30:00Z,2291000.0000,2309000.0000,2287000.0000,2306000.0000,132083
2026-06-04T05:00:00Z,2305000.0000,2313000.0000,2294000.0000,2296000.0000,165958
2026-06-04T05:30:00Z,2296000.0000,2307000.0000,2283000.0000,2292000.0000,236147
2026-06-05T00:00:00Z,2142000.0000,2153000.0000,2077000.0000,2103000.0000,750312
2026-06-05T00:30:00Z,2103000.0000,2126000.0000,2091000.0000,2094000.0000,514485
2026-06-05T01:00:00Z,2094000.0000,2107000.0000,2078000.0000,2104000.0000,400478
2026-06-05T01:30:00Z,2103000.0000,2158000.0000,2103000.0000,2150000.0000,469252
2026-06-05T02:00:00Z,2150000.0000,2188000.0000,2139000.0000,2188000.0000,416615
2026-06-05T02:30:00Z,2187000.0000,2188000.0000,2142000.0000,2145000.0000,243395
2026-06-05T03:00:00Z,2146000.0000,2159000.0000,2131000.0000,2132000.0000,166888
2026-06-05T03:30:00Z,2132000.0000,2145000.0000,2105000.0000,2124000.0000,172843
2026-06-05T04:00:00Z,2123000.0000,2125000.0000,2098000.0000,2099000.0000,207272
2026-06-05T04:30:00Z,2098000.0000,2124000.0000,2093000.0000,2116000.0000,178211
2026-06-05T05:00:00Z,2116000.0000,2130000.0000,2110000.0000,2114000.0000,190116
2026-06-05T05:30:00Z,2114000.0000,2130000.0000,2093000.0000,2094000.0000,302329
2026-06-08T00:00:00Z,1856000.0000,1906000.0000,1855000.0000,1904000.0000,0
2026-06-08T00:30:00Z,1925000.0000,1995000.0000,1924000.0000,1988000.0000,1350261
2026-06-08T01:00:00Z,1988000.0000,2010000.0000,1935000.0000,1937000.0000,667084
2026-06-08T01:30:00Z,1938000.0000,2009000.0000,1930000.0000,2001000.0000,551133
2026-06-08T02:00:00Z,2001000.0000,2045000.0000,1990000.0000,2044000.0000,524280
2026-06-08T02:30:00Z,2044000.0000,2072000.0000,2023000.0000,2029000.0000,512607
2026-06-08T03:00:00Z,2029000.0000,2039000.0000,2011000.0000,2029000.0000,255053
2026-06-08T03:30:00Z,2029000.0000,2037000.0000,2010000.0000,2018000.0000,183260
2026-06-08T04:00:00Z,2018000.0000,2029500.0000,1994000.0000,2005000.0000,171932
2026-06-08T04:30:00Z,2006000.0000,2012000.0000,1977000.0000,1978000.0000,200235
2026-06-08T05:00:00Z,1978000.0000,1997000.0000,1958000.0000,1984000.0000,298227
2026-06-08T05:30:00Z,1984000.0000,1986000.0000,1920000.0000,1930000.0000,441655
2026-06-09T00:00:00Z,2050000.0000,2066000.0000,2018000.0000,2042000.0000,568389
2026-06-09T00:30:00Z,2042000.0000,2046000.0000,2007000.0000,2035000.0000,328217
2026-06-09T01:00:00Z,2035000.0000,2041000.0000,1998000.0000,2026000.0000,385413
2026-06-09T01:30:00Z,2027000.0000,2077000.0000,2027000.0000,2068000.0000,477943
2026-06-09T02:00:00Z,2069000.0000,2069000.0000,2043000.0000,2060000.0000,244922
2026-06-09T02:30:00Z,2059000.0000,2062000.0000,2045000.0000,2057500.0000,165768
2026-06-09T03:00:00Z,2057500.0000,2090000.0000,2055000.0000,2090000.0000,256473
2026-06-09T03:30:00Z,2090000.0000,2135000.0000,2088000.0000,2133000.0000,371685
2026-06-09T04:00:00Z,2133000.0000,2161000.0000,2122000.0000,2161000.0000,344548
2026-06-09T04:30:00Z,2161000.0000,2188000.0000,2157000.0000,2169000.0000,457057
2026-06-09T05:00:00Z,2169000.0000,2186000.0000,2160000.0000,2178000.0000,313528
2026-06-09T05:30:00Z,2178000.0000,2226000.0000,2176000.0000,2211000.0000,568340
2026-06-10T00:00:00Z,2137000.0000,2180000.0000,2122000.0000,2168000.0000,826739
2026-06-10T00:30:00Z,2169000.0000,2170000.0000,2118000.0000,2125000.0000,409411
2026-06-10T01:00:00Z,2126000.0000,2156000.0000,2117000.0000,2144000.0000,269458
2026-06-10T01:30:00Z,2143500.0000,2147000.0000,2110000.0000,2110000.0000,273992
2026-06-10T02:00:00Z,2111000.0000,2113000.0000,2072500.0000,2090000.0000,287637
2026-06-10T02:30:00Z,2091000.0000,2111000.0000,2076000.0000,2094000.0000,193293
2026-06-10T03:00:00Z,2093000.0000,2116000.0000,2091000.0000,2096000.0000,151799
2026-06-10T03:30:00Z,2096000.0000,2097000.0000,2072000.0000,2079000.0000,170630
2026-06-10T04:00:00Z,2078000.0000,2084000.0000,2023000.0000,2025000.0000,346170
2026-06-10T04:30:00Z,2024000.0000,2044000.0000,2004000.0000,2017000.0000,441299
2026-06-10T05:00:00Z,2018000.0000,2033000.0000,2000000.0000,2029000.0000,319148
2026-06-10T05:30:00Z,2029000.0000,2030000.0000,1992000.0000,2000000.0000,422632
2026-06-11T00:00:00Z,1975000.0000,2066000.0000,1960000.0000,2053000.0000,1087390
2026-06-11T00:30:00Z,2052000.0000,2090000.0000,2013000.0000,2089000.0000,556808
2026-06-11T01:00:00Z,2088000.0000,2163000.0000,2075000.0000,2122000.0000,836018
2026-06-11T01:30:00Z,2122000.0000,2139000.0000,2093000.0000,2099000.0000,395867
2026-06-11T02:00:00Z,2099000.0000,2114000.0000,2031000.0000,2054000.0000,458583
2026-06-11T02:30:00Z,2053500.0000,2079000.0000,2044000.0000,2073000.0000,251298
2026-06-11T03:00:00Z,2072000.0000,2077000.0000,2045000.0000,2067000.0000,187121
2026-06-11T03:30:00Z,2067000.0000,2108000.0000,2064000.0000,2107000.0000,203607
2026-06-11T04:00:00Z,2107000.0000,2118000.0000,2075000.0000,2095000.0000,235483
2026-06-11T04:30:00Z,2095000.0000,2128000.0000,2095000.0000,2113000.0000,195083
2026-06-11T05:00:00Z,2113000.0000,2116000.0000,2072000.0000,2079000.0000,211178
2026-06-11T05:30:00Z,2080000.0000,2104000.0000,2072000.0000,2095000.0000,167802
2026-06-12T00:00:00Z,2281000.0000,2304000.0000,2261000.0000,2288000.0000,976812
2026-06-12T00:30:00Z,2289000.0000,2295000.0000,2274000.0000,2282000.0000,311930
2026-06-12T01:00:00Z,2282000.0000,2289000.0000,2250000.0000,2255000.0000,275898
2026-06-12T01:30:00Z,2254000.0000,2274000.0000,2241000.0000,2265000.0000,246281
2026-06-12T02:00:00Z,2265000.0000,2272000.0000,2259000.0000,2262000.0000,179617
2026-06-12T02:30:00Z,2262000.0000,2276000.0000,2252000.0000,2274000.0000,182830
2026-06-12T03:00:00Z,2274000.0000,2278000.0000,2264000.0000,2271000.0000,127013
2026-06-12T03:30:00Z,2270000.0000,2282000.0000,2268000.0000,2279000.0000,156172
2026-06-12T04:00:00Z,2279000.0000,2290000.0000,2272000.0000,2289000.0000,181412
2026-06-12T04:30:00Z,2289000.0000,2297000.0000,2286000.0000,2295000.0000,227454
2026-06-12T05:00:00Z,2295000.0000,2296000.0000,2273000.0000,2278000.0000,175530
2026-06-12T05:30:00Z,2279000.0000,2279000.0000,2164000.0000,2176000.0000,642930
2026-06-15T00:00:00Z,2283000.0000,2315000.0000,2265000.0000,2313000.0000,570334
2026-06-15T00:30:00Z,2312000.0000,2322000.0000,2294000.0000,2313000.0000,370727
2026-06-15T01:00:00Z,2313000.0000,2317000.0000,2294000.0000,2311000.0000,232936
2026-06-15T01:30:00Z,2311000.0000,2311000.0000,2270000.0000,2276000.0000,286436
2026-06-15T02:00:00Z,2277000.0000,2290000.0000,2266000.0000,2290000.0000,178713
2026-06-15T02:30:00Z,2289000.0000,2294000.0000,2283000.0000,2290000.0000,109506
2026-06-15T03:00:00Z,2289000.0000,2301000.0000,2289000.0000,2301000.0000,137596
2026-06-15T03:30:00Z,2301000.0000,2301000.0000,2286000.0000,2298000.0000,119266
2026-06-15T04:00:00Z,2297000.0000,2312000.0000,2292000.0000,2311000.0000,186053
2026-06-15T04:30:00Z,2312000.0000,2312000.0000,2300000.0000,2307000.0000,128306
2026-06-15T05:00:00Z,2308000.0000,2308000.0000,2295000.0000,2302000.0000,137480
2026-06-15T05:30:00Z,2303000.0000,2305000.0000,2279000.0000,2288000.0000,235206
2026-06-16T00:00:00Z,2381000.0000,2400000.0000,2348000.0000,2368000.0000,700226
2026-06-16T00:30:00Z,2368000.0000,2369500.0000,2322000.0000,2331000.0000,376818
2026-06-16T01:00:00Z,2331000.0000,2335000.0000,2286000.0000,2329000.0000,360537
2026-06-16T01:30:00Z,2329000.0000,2360000.0000,2324000.0000,2348000.0000,210796
2026-06-16T02:00:00Z,2349000.0000,2359000.0000,2336000.0000,2357000.0000,160995
2026-06-16T02:30:00Z,2357000.0000,2361000.0000,2347000.0000,2354000.0000,111764
2026-06-16T03:00:00Z,2354000.0000,2369000.0000,2341000.0000,2368000.0000,137476
2026-06-16T03:30:00Z,2367000.0000,2384000.0000,2364000.0000,2371000.0000,217043
2026-06-16T04:00:00Z,2371000.0000,2378000.0000,2365000.0000,2371000.0000,129945
2026-06-16T04:30:00Z,2372000.0000,2374000.0000,2363000.0000,2371000.0000,108288
2026-06-16T05:00:00Z,2372000.0000,2385000.0000,2371000.0000,2380000.0000,210601
2026-06-16T05:30:00Z,2380000.0000,2380000.0000,2360000.0000,2361000.0000,170371
2026-06-17T00:00:00Z,2335000.0000,2421000.0000,2334000.0000,2394000.0000,725124
2026-06-17T00:30:00Z,2394000.0000,2405000.0000,2375000.0000,2389000.0000,222089
2026-06-17T01:00:00Z,2390000.0000,2425000.0000,2383000.0000,2417000.0000,221779
2026-06-17T01:30:00Z,2417000.0000,2418000.0000,2394000.0000,2412000.0000,121360
2026-06-17T02:00:00Z,2412000.0000,2416000.0000,2405000.0000,2415000.0000,91055
2026-06-17T02:30:00Z,2414000.0000,2415000.0000,2407000.0000,2410000.0000,71150
2026-06-17T03:00:00Z,2409000.0000,2416000.0000,2402000.0000,2405000.0000,91390
2026-06-17T03:30:00Z,2405000.0000,2416000.0000,2404000.0000,2414000.0000,85706
2026-06-17T04:00:00Z,2414000.0000,2466000.0000,2413000.0000,2466000.0000,333137
2026-06-17T04:30:00Z,2466000.0000,2490500.0000,2447000.0000,2486000.0000,431932
2026-06-17T05:00:00Z,2486500.0000,2498000.0000,2471000.0000,2497000.0000,299524
2026-06-17T05:30:00Z,2498000.0000,2517000.0000,2493000.0000,2510000.0000,412045
2026-06-18T00:00:00Z,2556000.0000,2636000.0000,2556000.0000,2619000.0000,1009487
2026-06-18T00:30:00Z,2619000.0000,2642000.0000,2582000.0000,2583000.0000,575530
2026-06-18T01:00:00Z,2583000.0000,2615000.0000,2580000.0000,2599000.0000,303170
2026-06-18T01:30:00Z,2599000.0000,2620000.0000,2598000.0000,2612000.0000,248787
2026-06-18T02:00:00Z,2612000.0000,2629000.0000,2610000.0000,2620000.0000,185124
2026-06-18T02:30:00Z,2620000.0000,2643000.0000,2618000.0000,2643000.0000,222114
2026-06-18T03:00:00Z,2642000.0000,2658000.0000,2633000.0000,2656000.0000,282119
2026-06-18T03:30:00Z,2656000.0000,2673000.0000,2655000.0000,2663000.0000,276745
2026-06-18T04:00:00Z,2664000.0000,2695000.0000,2663000.0000,2689000.0000,319882
2026-06-18T04:30:00Z,2690000.0000,2701000.0000,2663000.0000,2672000.0000,406097
2026-06-18T05:00:00Z,2672000.0000,2698000.0000,2655000.0000,2694000.0000,351075
2026-06-18T05:30:00Z,2694000.0000,2738000.0000,2689000.0000,2732000.0000,566163
2026-06-19T00:00:00Z,2824000.0000,2850000.0000,2778000.0000,2810000.0000,977748
2026-06-19T00:30:00Z,2810000.0000,2842000.0000,2806000.0000,2839000.0000,296239
2026-06-19T01:00:00Z,2839000.0000,2891000.0000,2835000.0000,2885500.0000,419087
2026-06-19T01:30:00Z,2885500.0000,2887000.0000,2841000.0000,2842000.0000,388090
2026-06-19T02:00:00Z,2841000.0000,2867000.0000,2825000.0000,2858000.0000,313601
2026-06-19T02:30:00Z,2857000.0000,2871000.0000,2847000.0000,2858000.0000,166589
2026-06-19T03:00:00Z,2858000.0000,2865000.0000,2778000.0000,2793000.0000,372056
2026-06-19T03:30:00Z,2792500.0000,2800000.0000,2688000.0000,2727000.0000,853182
2026-06-19T04:00:00Z,2727000.0000,2790000.0000,2689000.0000,2790000.0000,584332
2026-06-19T04:30:00Z,2790000.0000,2790000.0000,2700000.0000,2723000.0000,512924
2026-06-19T05:00:00Z,2723000.0000,2747000.0000,2710000.0000,2727000.0000,281853
2026-06-19T05:30:00Z,2728000.0000,2780000.0000,2689000.0000,2779000.0000,430256
2026-06-22T00:00:00Z,2728000.0000,2806000.0000,2728000.0000,2806000.0000,471518
2026-06-22T00:30:00Z,2805000.0000,2884000.0000,2804000.0000,2884000.0000,566370
2026-06-22T01:00:00Z,2884000.0000,2945000.0000,2870000.0000,2924000.0000,547630
2026-06-22T01:30:00Z,2926000.0000,2938000.0000,2883000.0000,2890000.0000,460220
2026-06-22T02:00:00Z,2890000.0000,2924000.0000,2889000.0000,2904000.0000,232816
2026-06-22T02:30:00Z,2904000.0000,2912000.0000,2894000.0000,2905000.0000,156844
2026-06-22T03:00:00Z,2905000.0000,2929000.0000,2891000.0000,2919000.0000,200757
2026-06-22T03:30:00Z,2918000.0000,2935000.0000,2910000.0000,2920000.0000,201727
2026-06-22T04:00:00Z,2919000.0000,2922000.0000,2870000.0000,2877000.0000,302233
2026-06-22T04:30:00Z,2878000.0000,2894000.0000,2852000.0000,2879000.0000,317779
2026-06-22T05:00:00Z,2879000.0000,2904000.0000,2865000.0000,2896000.0000,227433
2026-06-22T05:30:00Z,2896000.0000,2904000.0000,2878000.0000,2880000.0000,209260
2026-06-23T00:00:00Z,2898000.0000,2943000.0000,2827000.0000,2857000.0000,1282428
2026-06-23T00:30:00Z,2855000.0000,2896000.0000,2842000.0000,2866000.0000,467998
2026-06-23T01:00:00Z,2865000.0000,2877000.0000,2837000.0000,2840000.0000,350737
2026-06-23T01:30:00Z,2840000.0000,2840000.0000,2747000.0000,2754000.0000,682104
2026-06-23T02:00:00Z,2753000.0000,2777000.0000,2745000.0000,2760500.0000,415746
2026-06-23T02:30:00Z,2761000.0000,2774000.0000,2721000.0000,2758000.0000,442244
2026-06-23T03:00:00Z,2757000.0000,2761000.0000,2706000.0000,2707000.0000,306919
2026-06-23T03:30:00Z,2707000.0000,2748000.0000,2660000.0000,2748000.0000,580582
2026-06-23T04:00:00Z,2747000.0000,2760000.0000,2690000.0000,2693000.0000,372185
2026-06-23T04:30:00Z,2694000.0000,2705000.0000,2624000.0000,2624000.0000,508826
2026-06-23T05:00:00Z,2624000.0000,2663000.0000,2605000.0000,2608000.0000,567062
2026-06-23T05:30:00Z,2608000.0000,2608000.0000,2574000.0000,2582000.0000,178994
2026-06-24T00:00:00Z,2598000.0000,2693000.0000,2585000.0000,2663000.0000,1490621
2026-06-24T00:30:00Z,2663000.0000,2703000.0000,2654000.0000,2669000.0000,576580
2026-06-24T01:00:00Z,2670000.0000,2675000.0000,2589000.0000,2631000.0000,450069
2026-06-24T01:30:00Z,2630000.0000,2670000.0000,2627000.0000,2642000.0000,427949
2026-06-24T02:00:00Z,2643000.0000,2650000.0000,2601000.0000,2611000.0000,255720
2026-06-24T02:30:00Z,2610000.0000,2616000.0000,2471000.0000,2471000.0000,641125
2026-06-24T03:00:00Z,2471000.0000,2524000.0000,2453000.0000,2520000.0000,589415
2026-06-24T03:30:00Z,2519000.0000,2540000.0000,2500000.0000,2520000.0000,307306
2026-06-24T04:00:00Z,2520000.0000,2520000.0000,2458000.0000,2462000.0000,334124
2026-06-24T04:30:00Z,2461000.0000,2540000.0000,2461000.0000,2536000.0000,293528
2026-06-24T05:00:00Z,2537000.0000,2653000.0000,2536000.0000,2607000.0000,588397
2026-06-24T05:30:00Z,2607000.0000,2654000.0000,2578000.0000,2593000.0000,424282
2026-06-25T00:00:00Z,2865000.0000,2878000.0000,2803000.0000,2831000.0000,984096
2026-06-25T00:30:00Z,2832000.0000,2848000.0000,2755000.0000,2779000.0000,661724
2026-06-25T01:00:00Z,2780000.0000,2799000.0000,2749000.0000,2759000.0000,360156
2026-06-25T01:30:00Z,2759000.0000,2839000.0000,2757000.0000,2828000.0000,429651
2026-06-25T02:00:00Z,2829000.0000,2847000.0000,2809000.0000,2833000.0000,268588
2026-06-25T02:30:00Z,2833000.0000,2855000.0000,2827000.0000,2854000.0000,204497
2026-06-25T03:00:00Z,2854500.0000,2869000.0000,2841000.0000,2866000.0000,224729
2026-06-25T03:30:00Z,2865500.0000,2876000.0000,2846000.0000,2867000.0000,250737
2026-06-25T04:00:00Z,2867500.0000,2910000.0000,2867000.0000,2910000.0000,483721
2026-06-25T04:30:00Z,2909000.0000,2939000.0000,2895000.0000,2932000.0000,423135
2026-06-25T05:00:00Z,2932000.0000,2963000.0000,2908000.0000,2962000.0000,484536
2026-06-25T05:30:00Z,2962000.0000,2987000.0000,2928000.0000,2952000.0000,703241
2026-06-26T00:00:00Z,2850000.0000,2880000.0000,2799000.0000,2808000.0000,1027532
2026-06-26T00:30:00Z,2808000.0000,2833000.0000,2767000.0000,2784000.0000,621054
2026-06-26T01:00:00Z,2784000.0000,2823000.0000,2773000.0000,2793000.0000,343343
2026-06-26T01:30:00Z,2793000.0000,2806000.0000,2753000.0000,2764000.0000,306623
2026-06-26T02:00:00Z,2764000.0000,2774000.0000,2700000.0000,2727000.0000,411675
2026-06-26T02:30:00Z,2726000.0000,2744000.0000,2649000.0000,2668000.0000,486416
2026-06-26T03:00:00Z,2668000.0000,2672000.0000,2638000.0000,2642000.0000,165339
2026-06-26T03:30:00Z,2641000.0000,2676000.0000,2613000.0000,2675000.0000,606455
2026-06-26T04:00:00Z,2675000.0000,2680000.0000,2630000.0000,2639000.0000,519658
2026-06-26T04:30:00Z,2639000.0000,2646000.0000,2600000.0000,2627000.0000,523350
2026-06-26T05:00:00Z,2627000.0000,2729000.0000,2625000.0000,2714000.0000,490610
2026-06-26T05:30:00Z,2715000.0000,2745000.0000,2640000.0000,2641000.0000,603923
2026-06-29T00:00:00Z,2636000.0000,2655000.0000,2542000.0000,2544000.0000,734995
2026-06-29T00:30:00Z,2543000.0000,2611000.0000,2517000.0000,2608000.0000,548700
2026-06-29T01:00:00Z,2608000.0000,2631000.0000,2558000.0000,2560000.0000,349650
2026-06-29T01:30:00Z,2560000.0000,2642000.0000,2558000.0000,2594000.0000,323293
2026-06-29T02:00:00Z,2594000.0000,2602000.0000,2561000.0000,2589000.0000,206805
2026-06-29T02:30:00Z,2588000.0000,2597000.0000,2565000.0000,2573000.0000,162547
2026-06-29T03:00:00Z,2573000.0000,2589000.0000,2551000.0000,2566000.0000,213592
2026-06-29T03:30:00Z,2566000.0000,2601000.0000,2536000.0000,2600000.0000,281463
2026-06-29T04:00:00Z,2600000.0000,2601000.0000,2551000.0000,2555000.0000,194569
2026-06-29T04:30:00Z,2554000.0000,2571000.0000,2539000.0000,2546000.0000,222507
2026-06-29T05:00:00Z,2547000.0000,2603000.0000,2540000.0000,2587000.0000,268987
2026-06-29T05:30:00Z,2587000.0000,2688000.0000,2585000.0000,2677000.0000,580507
2026-06-30T00:00:00Z,2608000.0000,2690000.0000,2586000.0000,2588000.0000,866997
2026-06-30T00:30:00Z,2588000.0000,2614000.0000,2541000.0000,2576000.0000,473276
2026-06-30T01:00:00Z,2577000.0000,2612000.0000,2556000.0000,2611000.0000,329005
2026-06-30T01:30:00Z,2611000.0000,2632000.0000,2590000.0000,2622000.0000,297083
2026-06-30T02:00:00Z,2625000.0000,2658000.0000,2595000.0000,2653000.0000,251629
2026-06-30T02:30:00Z,2654000.0000,2667000.0000,2624000.0000,2662000.0000,220205
2026-06-30T03:00:00Z,2663000.0000,2665000.0000,2643000.0000,2653000.0000,158058
2026-06-30T03:30:00Z,2652000.0000,2659000.0000,2630000.0000,2637000.0000,146322
2026-06-30T04:00:00Z,2638000.0000,2708000.0000,2636000.0000,2708000.0000,311259
2026-06-30T04:30:00Z,2707500.0000,2742000.0000,2707000.0000,2712000.0000,395254
2026-06-30T05:00:00Z,2712000.0000,2735000.0000,2707000.0000,2720000.0000,273141
2026-06-30T05:30:00Z,2720000.0000,2730000.0000,2685000.0000,2692000.0000,310621
2026-07-01T00:00:00Z,2665000.0000,2723000.0000,2589000.0000,2630000.0000,761328
2026-07-01T00:30:00Z,2630000.0000,2633000.0000,2573000.0000,2575000.0000,332036
2026-07-01T01:00:00Z,2576000.0000,2603000.0000,2544000.0000,2570000.0000,413721
2026-07-01T01:30:00Z,2570000.0000,2597000.0000,2548000.0000,2549000.0000,282117
2026-07-01T02:00:00Z,2549000.0000,2554000.0000,2502000.0000,2553000.0000,466864
2026-07-01T02:30:00Z,2553000.0000,2583000.0000,2540000.0000,2566000.0000,194463
2026-07-01T03:00:00Z,2565500.0000,2595000.0000,2557000.0000,2566000.0000,159893
2026-07-01T03:30:00Z,2565000.0000,2628000.0000,2561000.0000,2611000.0000,213628
2026-07-01T04:00:00Z,2611000.0000,2613000.0000,2580000.0000,2609000.0000,175161
2026-07-01T04:30:00Z,2609000.0000,2626000.0000,2594000.0000,2603000.0000,204925
2026-07-01T05:00:00Z,2603000.0000,2612000.0000,2575000.0000,2577000.0000,218594
2026-07-01T05:30:00Z,2577000.0000,2590000.0000,2565000.0000,2575000.0000,210913
2026-07-02T00:00:00Z,2351000.0000,2386000.0000,2343000.0000,2360000.0000,1164718
2026-07-02T00:30:00Z,2359000.0000,2361000.0000,2310000.0000,2331000.0000,577686
2026-07-02T01:00:00Z,2331000.0000,2383000.0000,2317000.0000,2381000.0000,428170
2026-07-02T01:30:00Z,2381000.0000,2425000.0000,2381000.0000,2421000.0000,420743
2026-07-02T02:00:00Z,2420000.0000,2448000.0000,2399000.0000,2404000.0000,313473
2026-07-02T02:30:00Z,2405000.0000,2429000.0000,2393000.0000,2408000.0000,206710
2026-07-02T03:00:00Z,2408000.0000,2414000.0000,2370000.0000,2370000.0000,201571
2026-07-02T03:30:00Z,2370000.0000,2388000.0000,2355000.0000,2357000.0000,243006
2026-07-02T04:00:00Z,2357000.0000,2366000.0000,2329000.0000,2357000.0000,316244
2026-07-02T04:30:00Z,2358000.0000,2358000.0000,2320000.0000,2347000.0000,302350
2026-07-02T05:00:00Z,2347000.0000,2365000.0000,2320000.0000,2320000.0000,347693
2026-07-02T05:30:00Z,2320000.0000,2321000.0000,2268000.0000,2269000.0000,850222
2026-07-03T00:00:00Z,2197000.0000,2237000.0000,2131000.0000,2132000.0000,1331362
2026-07-03T00:30:00Z,2131000.0000,2162000.0000,2046000.0000,2048000.0000,1083293
2026-07-03T01:00:00Z,2048000.0000,2227000.0000,2045000.0000,2193000.0000,951958
2026-07-03T01:30:00Z,2193000.0000,2280000.0000,2178000.0000,2275000.0000,596735
2026-07-03T02:00:00Z,2276000.0000,2296000.0000,2228000.0000,2283000.0000,458081
2026-07-03T02:30:00Z,2282500.0000,2310000.0000,2260000.0000,2307000.0000,316682
2026-07-03T03:00:00Z,2308000.0000,2308000.0000,2251000.0000,2296000.0000,257627
2026-07-03T03:30:00Z,2296000.0000,2300000.0000,2250000.0000,2298000.0000,238801
2026-07-03T04:00:00Z,2298000.0000,2350000.0000,2297000.0000,2349000.0000,373521
2026-07-03T04:30:00Z,2350000.0000,2408000.0000,2335000.0000,2395000.0000,500512
2026-07-03T05:00:00Z,2396000.0000,2435000.0000,2386000.0000,2434000.0000,482595
2026-07-03T05:30:00Z,2435000.0000,2454000.0000,2370000.0000,2418000.0000,536330
2026-07-06T00:00:00Z,2450000.0000,2480000.0000,2400000.0000,2416000.0000,479916
2026-07-06T00:30:00Z,2416000.0000,2497000.0000,2411000.0000,2460000.0000,330458
2026-07-06T01:00:00Z,2461000.0000,2462000.0000,2416000.0000,2419000.0000,253800
2026-07-06T01:30:00Z,2419000.0000,2446000.0000,2346000.0000,2375000.0000,394372
2026-07-06T02:00:00Z,2376000.0000,2397000.0000,2308000.0000,2308000.0000,376784
2026-07-06T02:30:00Z,2308000.0000,2340000.0000,2292000.0000,2334000.0000,296643
2026-07-06T03:00:00Z,2334000.0000,2359000.0000,2317000.0000,2349000.0000,184348
2026-07-06T03:30:00Z,2349000.0000,2374000.0000,2323000.0000,2340000.0000,159447
2026-07-06T04:00:00Z,2341000.0000,2350000.0000,2309000.0000,2346000.0000,150994
2026-07-06T04:30:00Z,2347000.0000,2391000.0000,2341000.0000,2376000.0000,194363
2026-07-06T05:00:00Z,2376000.0000,2383000.0000,2331000.0000,2332000.0000,150282
2026-07-06T05:30:00Z,2331000.0000,2387000.0000,2326000.0000,2381000.0000,236050
2026-07-07T00:00:00Z,2289000.0000,2343000.0000,2253000.0000,2301000.0000,732942
2026-07-07T00:30:00Z,2302000.0000,2313000.0000,2237000.0000,2240000.0000,431071
2026-07-07T01:00:00Z,2241000.0000,2266000.0000,2189000.0000,2191000.0000,454548
2026-07-07T01:30:00Z,2191000.0000,2261000.0000,2173000.0000,2213000.0000,516852
2026-07-07T02:00:00Z,2214000.0000,2220000.0000,2176000.0000,2176000.0000,245505
2026-07-07T02:30:00Z,2176000.0000,2188000.0000,2150000.0000,2157000.0000,353813
2026-07-07T03:00:00Z,2157000.0000,2186000.0000,2128000.0000,2129000.0000,305230
2026-07-07T03:30:00Z,2128000.0000,2161000.0000,2125000.0000,2135000.0000,294531
2026-07-07T04:00:00Z,2136000.0000,2156000.0000,2105000.0000,2115000.0000,352647
2026-07-07T04:30:00Z,2115000.0000,2122000.0000,2088000.0000,2095000.0000,302711
2026-07-07T05:00:00Z,2098000.0000,2131000.0000,2080000.0000,2130000.0000,370276
2026-07-07T05:30:00Z,2131000.0000,2223000.0000,2119000.0000,2209000.0000,732042
2026-07-08T00:00:00Z,2118000.0000,2268000.0000,2090000.0000,2234000.0000,1098484
2026-07-08T00:30:00Z,2234000.0000,2327000.0000,2190000.0000,2326000.0000,783832
2026-07-08T01:00:00Z,2326000.0000,2329000.0000,2273000.0000,2297000.0000,541129
2026-07-08T01:30:00Z,2297000.0000,2309000.0000,2221000.0000,2233000.0000,491471
2026-07-08T02:00:00Z,2232000.0000,2264000.0000,2191000.0000,2242000.0000,356863
2026-07-08T02:30:00Z,2242000.0000,2251000.0000,2212000.0000,2222000.0000,183537
2026-07-08T03:00:00Z,2221000.0000,2285500.0000,2221000.0000,2275000.0000,247068
2026-07-08T03:30:00Z,2275000.0000,2285000.0000,2235000.0000,2237000.0000,177442
2026-07-08T04:00:00Z,2238000.0000,2241000.0000,2161000.0000,2178000.0000,375063
2026-07-08T04:30:00Z,2178000.0000,2182000.0000,2101000.0000,2161000.0000,607195
2026-07-08T05:00:00Z,2161000.0000,2172000.0000,2091000.0000,2091000.0000,420825
2026-07-08T05:30:00Z,2090000.0000,2138000.0000,2086000.0000,2122000.0000,422966
2026-07-09T00:00:00Z,2228000.0000,2270000.0000,2209000.0000,2252000.0000,1023780
2026-07-09T00:30:00Z,2252000.0000,2260000.0000,2203000.0000,2218000.0000,455359
2026-07-09T01:00:00Z,2218000.0000,2262000.0000,2211000.0000,2247000.0000,338297
2026-07-09T01:30:00Z,2246000.0000,2250000.0000,2170000.0000,2176000.0000,370279
2026-07-09T02:00:00Z,2176000.0000,2220000.0000,2149000.0000,2207000.0000,346151
2026-07-09T02:30:00Z,2206000.0000,2213000.0000,2113000.0000,2129000.0000,350213
2026-07-09T03:00:00Z,2129000.0000,2153000.0000,2091000.0000,2153000.0000,406466
2026-07-09T03:30:00Z,2153000.0000,2185000.0000,2135000.0000,2165000.0000,282134
2026-07-09T04:00:00Z,2165000.0000,2177000.0000,2129000.0000,2147000.0000,182828
2026-07-09T04:30:00Z,2147500.0000,2175000.0000,2147000.0000,2166000.0000,169336
2026-07-09T05:00:00Z,2166000.0000,2171000.0000,2130000.0000,2142000.0000,222883
2026-07-09T05:30:00Z,2142000.0000,2190000.0000,2116000.0000,2190000.0000,351729
2026-07-10T00:00:00Z,2296000.0000,2305000.0000,2166000.0000,2189000.0000,1227756
2026-07-10T00:30:00Z,2189000.0000,2259000.0000,2179000.0000,2213000.0000,497102
2026-07-10T01:00:00Z,2213000.0000,2227000.0000,2194000.0000,2224000.0000,291902
2026-07-10T01:30:00Z,2223500.0000,2260000.0000,2214000.0000,2215000.0000,482433
2026-07-10T02:00:00Z,2215000.0000,2216000.0000,2193000.0000,2206000.0000,275466
2026-07-10T02:30:00Z,2207000.0000,2226000.0000,2203000.0000,2223000.0000,189638
2026-07-10T03:00:00Z,2223000.0000,2241000.0000,2214000.0000,2224000.0000,156824
2026-07-10T03:30:00Z,2224000.0000,2253000.0000,2217000.0000,2252500.0000,173493
2026-07-10T04:00:00Z,2253000.0000,2270000.0000,2240000.0000,2258000.0000,253256
2026-07-10T04:30:00Z,2258000.0000,2275000.0000,2243000.0000,2257000.0000,228197
2026-07-10T05:00:00Z,2257000.0000,2264000.0000,2237000.0000,2249000.0000,176826
2026-07-10T05:30:00Z,2248000.0000,2258000.0000,2217000.0000,2225000.0000,236055
2026-07-13T00:00:00Z,2113000.0000,2142000.0000,2057000.0000,2086000.0000,577233
2026-07-13T00:30:00Z,2086000.0000,2089000.0000,2001000.0000,2014000.0000,726821
2026-07-13T01:00:00Z,2015000.0000,2029000.0000,1995000.0000,2003000.0000,553105
2026-07-13T01:30:00Z,2002000.0000,2011000.0000,1956000.0000,1960000.0000,650461
2026-07-13T02:00:00Z,1959000.0000,1985000.0000,1942000.0000,1972000.0000,543476
2026-07-13T02:30:00Z,1973000.0000,1974000.0000,1936000.0000,1937000.0000,311022
2026-07-13T03:00:00Z,1937000.0000,1938000.0000,1901000.0000,1903000.0000,486377
2026-07-13T03:30:00Z,1902000.0000,1932000.0000,1892000.0000,1904000.0000,497162
2026-07-13T04:00:00Z,1904000.0000,1908000.0000,1883000.0000,1889000.0000,479955
2026-07-13T04:30:00Z,1900000.0000,1913000.0000,1895000.0000,1895000.0000,108857
2026-07-13T05:00:00Z,1895000.0000,1919000.0000,1865000.0000,1871000.0000,619319
2026-07-13T05:30:00Z,1871000.0000,1918000.0000,1861000.0000,1902000.0000,757452
2026-07-14T00:00:00Z,1825000.0000,1864000.0000,1757500.0000,1837000.0000,1847326
2026-07-14T00:30:00Z,1836000.0000,1910000.0000,1805000.0000,1897000.0000,887504
2026-07-14T01:00:00Z,1897000.0000,1929000.0000,1878000.0000,1909000.0000,664464
2026-07-14T01:30:00Z,1909000.0000,1917000.0000,1826000.0000,1833000.0000,500532
2026-07-14T02:00:00Z,1832000.0000,1840000.0000,1749000.0000,1773000.0000,666080
2026-07-14T02:30:00Z,1772000.0000,1798000.0000,1741000.0000,1764000.0000,519671
2026-07-14T03:00:00Z,1764000.0000,1765000.0000,1678000.0000,1728000.0000,960747
2026-07-14T03:30:00Z,1729000.0000,1783000.0000,1704000.0000,1764000.0000,720819
2026-07-14T04:00:00Z,1764000.0000,1784000.0000,1720000.0000,1769000.0000,453291
2026-07-14T04:30:00Z,1769000.0000,1875000.0000,1758000.0000,1866000.0000,722155
2026-07-14T05:00:00Z,1867000.0000,1921000.0000,1838000.0000,1914000.0000,887008
2026-07-14T05:30:00Z,1914000.0000,1936000.0000,1884000.0000,1894000.0000,773393
2026-07-15T00:00:00Z,2120000.0000,2145000.0000,2077000.0000,2144000.0000,1286084
2026-07-15T00:30:00Z,2144000.0000,2156000.0000,2106000.0000,2142000.0000,561662
2026-07-15T01:00:00Z,2142000.0000,2145000.0000,2088000.0000,2128000.0000,468585
2026-07-15T01:30:00Z,2128000.0000,2134000.0000,2070000.0000,2114000.0000,398040
2026-07-15T02:00:00Z,2114000.0000,2138000.0000,2111000.0000,2122000.0000,325028
2026-07-15T02:30:00Z,2122000.0000,2139000.0000,2112000.0000,2114000.0000,231947
2026-07-15T03:00:00Z,2114000.0000,2144000.0000,2112000.0000,2143000.0000,190396
2026-07-15T03:30:00Z,2143000.0000,2171000.0000,2137000.0000,2163000.0000,306112
2026-07-15T04:00:00Z,2164000.0000,2170000.0000,2150000.0000,2152000.0000,216142
2026-07-15T04:30:00Z,2151000.0000,2161000.0000,2143000.0000,2148000.0000,251578
2026-07-15T05:00:00Z,2148000.0000,2158000.0000,2084000.0000,2087500.0000,466103
2026-07-15T05:30:00Z,2087500.0000,2117000.0000,2080000.0000,2116000.0000,370345
2026-07-16T00:00:00Z,1902000.0000,1919000.0000,1864000.0000,1882000.0000,867285
2026-07-16T00:30:00Z,1883000.0000,1890000.0000,1841000.0000,1851000.0000,475431
2026-07-16T01:00:00Z,1850000.0000,1873000.0000,1821000.0000,1834000.0000,458886
2026-07-16T01:30:00Z,1833000.0000,1880000.0000,1822000.0000,1854000.0000,432845
2026-07-16T02:00:00Z,1854000.0000,1865000.0000,1832000.0000,1862000.0000,280039
2026-07-16T02:30:00Z,1863000.0000,1877000.0000,1852000.0000,1869000.0000,198853
2026-07-16T03:00:00Z,1869000.0000,1878000.0000,1845000.0000,1848000.0000,203784
2026-07-16T03:30:00Z,1849000.0000,1857000.0000,1840000.0000,1855500.0000,173161
2026-07-16T04:00:00Z,1855500.0000,1857000.0000,1832000.0000,1834000.0000,237886
2026-07-16T04:30:00Z,1833000.0000,1843000.0000,1827000.0000,1839000.0000,231179
2026-07-16T05:00:00Z,1839000.0000,1890000.0000,1835000.0000,1885000.0000,341405
2026-07-16T05:30:00Z,1885000.0000,2082000.0000,1845000.0000,1862000.0000,408060
2026-07-20T00:00:00Z,1745000.0000,1892000.0000,1735000.0000,1860000.0000,938051
2026-07-20T00:30:00Z,1860000.0000,1889000.0000,1820000.0000,1827000.0000,554204
2026-07-20T01:00:00Z,1827000.0000,1859000.0000,1821000.0000,1833000.0000,367447
2026-07-20T01:30:00Z,1833500.0000,1833500.0000,1753000.0000,1770000.0000,569459
2026-07-20T02:00:00Z,1769000.0000,1802000.0000,1751000.0000,1754000.0000,448606
2026-07-20T02:30:00Z,1756000.0000,1800000.0000,1754000.0000,1782000.0000,227904
2026-07-20T03:00:00Z,1783000.0000,1792000.0000,1764000.0000,1769000.0000,167591
2026-07-20T03:30:00Z,1769000.0000,1808000.0000,1767000.0000,1789000.0000,188323
2026-07-20T04:00:00Z,1789000.0000,1794000.0000,1758000.0000,1779000.0000,212713
2026-07-20T04:30:00Z,1780000.0000,1822000.0000,1777000.0000,1801000.0000,254268
2026-07-20T05:00:00Z,1800000.0000,1803000.0000,1770000.0000,1779000.0000,243103
2026-07-20T05:30:00Z,1779000.0000,1789000.0000,1766000.0000,1774000.0000,302404
2026-07-21T00:00:00Z,1775000.0000,1787000.0000,1732000.0000,1775000.0000,813911
2026-07-21T00:30:00Z,1775000.0000,1810000.0000,1766000.0000,1782000.0000,413048
2026-07-21T01:00:00Z,1782000.0000,1832000.0000,1776000.0000,1816000.0000,415581
2026-07-21T01:30:00Z,1817000.0000,1844000.0000,1810000.0000,1818000.0000,336896
2026-07-21T02:00:00Z,1819000.0000,1833000.0000,1800000.0000,1811000.0000,206299
2026-07-21T02:30:00Z,1811000.0000,1836000.0000,1810000.0000,1830000.0000,152559
2026-07-21T03:00:00Z,1831000.0000,1858000.0000,1830000.0000,1851000.0000,275055
2026-07-21T03:30:00Z,1851000.0000,1889000.0000,1848000.0000,1877500.0000,413297
2026-07-21T04:00:00Z,1878000.0000,1884000.0000,1863000.0000,1867000.0000,258579
2026-07-21T04:30:00Z,1868000.0000,1875000.0000,1850000.0000,1854000.0000,259047
2026-07-21T05:00:00Z,1854000.0000,1863000.0000,1831000.0000,1849000.0000,248463
2026-07-21T05:30:00Z,1850000.0000,1854000.0000,1834000.0000,1846000.0000,236236
2026-07-22T00:00:00Z,1977000.0000,2006000.0000,1960000.0000,1984000.0000,1182329
2026-07-22T00:30:00Z,1984000.0000,1995000.0000,1965000.0000,1982000.0000,339660
2026-07-22T01:00:00Z,1981000.0000,2005000.0000,1972000.0000,1995000.0000,278272
2026-07-22T01:30:00Z,1995000.0000,1997000.0000,1975000.0000,1984000.0000,209627
2026-07-22T02:00:00Z,1985000.0000,1987000.0000,1977000.0000,1984000.0000,152338
2026-07-22T02:30:00Z,1984000.0000,1984000.0000,1952000.0000,1956000.0000,212916
2026-07-22T03:00:00Z,1956000.0000,1960000.0000,1923000.0000,1953500.0000,291462
2026-07-22T03:30:00Z,1954000.0000,1960000.0000,1937000.0000,1949000.0000,135813
2026-07-22T04:00:00Z,1949000.0000,1963000.0000,1945000.0000,1954000.0000,109854
2026-07-22T04:30:00Z,1955000.0000,1955000.0000,1920000.0000,1932000.0000,177453
2026-07-22T05:00:00Z,1932000.0000,1934000.0000,1861000.0000,1862000.0000,520822
2026-07-22T05:30:00Z,1862000.0000,1886000.0000,1848000.0000,1861000.0000,470928
2026-07-23T00:00:00Z,1910000.0000,1934000.0000,1900000.0000,1914000.0000,593853
2026-07-23T00:30:00Z,1914500.0000,1934000.0000,1904000.0000,1929000.0000,348407
2026-07-23T01:00:00Z,1929000.0000,1948000.0000,1910000.0000,1913000.0000,325394
2026-07-23T01:30:00Z,1913000.0000,1919000.0000,1872000.0000,1872000.0000,349310
2026-07-23T02:00:00Z,1873000.0000,1891000.0000,1845000.0000,1863000.0000,328573
2026-07-23T02:30:00Z,1863000.0000,1890000.0000,1850000.0000,1883000.0000,191474
2026-07-23T03:00:00Z,1883000.0000,1899000.0000,1864000.0000,1898000.0000,136256
2026-07-23T03:30:00Z,1898000.0000,1918000.0000,1886000.0000,1901000.0000,211121
2026-07-23T04:00:00Z,1901000.0000,1926000.0000,1885000.0000,1924000.0000,200184
2026-07-23T04:30:00Z,1924000.0000,1928000.0000,1907000.0000,1919000.0000,202933
2026-07-23T05:00:00Z,1919000.0000,1930000.0000,1891000.0000,1928000.0000,270099
2026-07-23T05:30:00Z,1928000.0000,1936000.0000,1891000.0000,1899000.0000,390119
2026-07-24T00:00:00Z,1894000.0000,1894000.0000,1828000.0000,1833000.0000,656050
2026-07-24T00:30:00Z,1833000.0000,1840000.0000,1810000.0000,1833000.0000,433696
2026-07-24T01:00:00Z,1834000.0000,1862000.0000,1832000.0000,1842000.0000,338989
2026-07-24T01:30:00Z,1843000.0000,1856000.0000,1820000.0000,1824000.0000,208388
2026-07-24T02:00:00Z,1824000.0000,1827000.0000,1805000.0000,1810000.0000,274466
2026-07-24T02:30:00Z,1810000.0000,1813000.0000,1775000.0000,1777000.0000,412113
2026-07-24T03:00:00Z,1777000.0000,1796000.0000,1776000.0000,1791000.0000,308866
2026-07-24T03:30:00Z,1791000.0000,1791000.0000,1762000.0000,1767000.0000,270331
2026-07-24T04:00:00Z,1766000.0000,1787000.0000,1752000.0000,1784000.0000,327890
2026-07-24T04:30:00Z,1784000.0000,1788000.0000,1761000.0000,1779000.0000,231829
2026-07-24T05:00:00Z,1779000.0000,1803000.0000,1769000.0000,1781000.0000,336331
2026-07-24T05:30:00Z,1782000.0000,1795000.0000,1772000.0000,1774000.0000,289276
2026-07-27T00:00:00Z,1814000.0000,1816000.0000,1745000.0000,1779000.0000,546698
2026-07-27T00:30:00Z,1779000.0000,1802000.0000,1757000.0000,1780000.0000,327822
2026-07-27T01:00:00Z,1781000.0000,1788000.0000,1707000.0000,1710000.0000,436344
2026-07-27T01:30:00Z,1709000.0000,1751000.0000,1707000.0000,1744000.0000,305284
2026-07-27T02:00:00Z,1745000.0000,1767000.0000,1730000.0000,1760000.0000,186485
2026-07-27T02:30:00Z,1760000.0000,1768000.0000,1742000.0000,1750000.0000,116474
2026-07-27T03:00:00Z,1749000.0000,1784000.0000,1746000.0000,1770000.0000,181801
2026-07-27T03:30:00Z,1770000.0000,1772000.0000,1744000.0000,1753000.0000,140116
2026-07-27T04:00:00Z,1753000.0000,1776000.0000,1748000.0000,1759000.0000,170808
2026-07-27T04:30:00Z,1759000.0000,1790000.0000,1754000.0000,1781000.0000,168348
2026-07-27T05:00:00Z,1781000.0000,1814000.0000,1774000.0000,1808000.0000,268065
2026-07-27T05:30:00Z,1808000.0000,1813000.0000,1790000.0000,1800000.0000,233957
2026-07-28T00:00:00Z,1662000.0000,1674000.0000,1618000.0000,1634000.0000,1152993
2026-07-28T00:30:00Z,1634000.0000,1639000.0000,1615000.0000,1620000.0000,537392
2026-07-28T01:00:00Z,1619000.0000,1633000.0000,1612000.0000,1616000.0000,211761
2026-07-28T01:30:00Z,1616000.0000,1626000.0000,1590000.0000,1592000.0000,596196
2026-07-28T02:00:00Z,1592000.0000,1613000.0000,1577000.0000,1593000.0000,529787
2026-07-28T02:30:00Z,1593000.0000,1597000.0000,1570000.0000,1580000.0000,400649
2026-07-28T03:00:00Z,1580000.0000,1596000.0000,1562000.0000,1577000.0000,373896
2026-07-28T03:30:00Z,1576000.0000,1605000.0000,1566000.0000,1596000.0000,393198
2026-07-28T04:00:00Z,1597000.0000,1597000.0000,1566000.0000,1568000.0000,318530
2026-07-28T04:30:00Z,1568000.0000,1591000.0000,1563000.0000,1584000.0000,360414
2026-07-28T05:00:00Z,1584000.0000,1600000.0000,1561000.0000,1564000.0000,445906
2026-07-28T05:30:00Z,1564000.0000,1588000.0000,1560000.0000,1567000.0000,490646
2026-07-29T00:00:00Z,1567000.0000,1619000.0000,1553000.0000,1560000.0000,1455458
2026-07-29T00:30:00Z,1559000.0000,1568000.0000,1522000.0000,1545000.0000,664431
2026-07-29T01:00:00Z,1545000.0000,1558000.0000,1467000.0000,1510000.0000,882983
2026-07-29T01:30:00Z,1511000.0000,1511000.0000,1408000.0000,1408000.0000,989342
2026-07-29T02:00:00Z,1407000.0000,1433000.0000,1378000.0000,1419000.0000,1132248
2026-07-29T02:30:00Z,1419000.0000,1428000.0000,1372000.0000,1373000.0000,533040
2026-07-29T03:00:00Z,1373000.0000,1404000.0000,1351000.0000,1356000.0000,644147
2026-07-29T03:30:00Z,1356000.0000,1360000.0000,1347000.0000,1349000.0000,72888
2026-07-29T04:00:00Z,1347000.0000,1358000.0000,1259000.0000,1266000.0000,1340260
2026-07-29T04:30:00Z,1266000.0000,1331000.0000,1246000.0000,1329000.0000,1203848
2026-07-29T05:00:00Z,1329000.0000,1396000.0000,1320000.0000,1384000.0000,1160711
2026-07-29T05:30:00Z,1384000.0000,1424000.0000,1371500.0000,1404000.0000,935023
2026-07-30T00:00:00Z,1361000.0000,1389500.0000,1300000.0000,1339000.0000,1605690
2026-07-30T00:30:00Z,1339000.0000,1344000.0000,1287000.0000,1343000.0000,818196
2026-07-30T01:00:00Z,1343000.0000,1401000.0000,1340000.0000,1392000.0000,1084300
2026-07-30T01:30:00Z,1391000.0000,1459000.0000,1390000.0000,1421000.0000,1207677
2026-07-30T02:00:00Z,1421000.0000,1445000.0000,1364000.0000,1371000.0000,751708
2026-07-30T02:30:00Z,1371000.0000,1382000.0000,1337000.0000,1342000.0000,485810
2026-07-30T03:00:00Z,1342000.0000,1353000.0000,1319000.0000,1337000.0000,400466
2026-07-30T03:30:00Z,1336000.0000,1356000.0000,1323000.0000,1339000.0000,367365
2026-07-30T04:00:00Z,1339000.0000,1344000.0000,1303000.0000,1342000.0000,471142
2026-07-30T04:30:00Z,1342000.0000,1349000.0000,1304000.0000,1307000.0000,372250
2026-07-30T05:00:00Z,1308000.0000,1337000.0000,1305000.0000,1322000.0000,360017
2026-07-30T05:30:00Z,1323000.0000,1354000.0000,1318000.0000,1339000.0000,409599
2026-07-31T00:00:00Z,1697000.0000,1697000.0000,1586000.0000,1644000.0000,2622023
2026-07-31T00:30:00Z,1643000.0000,1694000.0000,1642000.0000,1693000.0000,1153578
2026-07-31T01:00:00Z,1692000.0000,1715000.0000,1656000.0000,1666000.0000,891184
2026-07-31T01:30:00Z,1665000.0000,1671000.0000,1604000.0000,1636000.0000,893683
2026-07-31T02:00:00Z,1635000.0000,1644000.0000,1600000.0000,1641000.0000,437217
2026-07-31T02:30:00Z,1641000.0000,1652000.0000,1628000.0000,1641000.0000,293154
2026-07-31T03:00:00Z,1642000.0000,1664000.0000,1627000.0000,1658000.0000,310157
2026-07-31T03:30:00Z,1658000.0000,1662000.0000,1645000.0000,1654000.0000,308752
2026-07-31T04:00:00Z,1654000.0000,1688000.0000,1645000.0000,1685000.0000,434015
2026-07-31T04:30:00Z,1684000.0000,1704000.0000,1674000.0000,1702000.0000,380818
2026-07-31T05:00:00Z,1701000.0000,1718000.0000,1695000.0000,1718000.0000,1092605
2026-07-31T05:30:00Z,1718000.0000,1718000.0000,1699000.0000,1718000.0000,1154616
2026-08-03T00:00:00Z,1642000.0000,1645000.0000,1567000.0000,1573000.0000,772144
2026-08-03T00:30:00Z,1573000.0000,1626000.0000,1563000.0000,1625000.0000,686738
2026-08-03T01:00:00Z,1624500.0000,1630000.0000,1584000.0000,1587000.0000,422771
2026-08-03T01:30:00Z,1588000.0000,1606000.0000,1571000.0000,1605000.0000,343546
2026-08-03T02:00:00Z,1605000.0000,1614000.0000,1588000.0000,1591000.0000,230475
2026-08-03T02:30:00Z,1591000.0000,1607000.0000,1588000.0000,1597000.0000,157778
2026-08-03T03:00:00Z,1597000.0000,1603000.0000,1577000.0000,1584000.0000,179216
2026-08-03T03:30:00Z,1584000.0000,1599000.0000,1580000.0000,1585000.0000,159218
2026-08-03T04:00:00Z,1586000.0000,1606000.0000,1579000.0000,1597000.0000,177228
2026-08-03T04:30:00Z,1597000.0000,1597000.0000,1571000.0000,1572000.0000,208265
2026-08-03T05:00:00Z,1571500.0000,1589000.0000,1571000.0000,1589000.0000,237650
2026-08-03T05:30:00Z,1589000.0000,1595000.0000,1578000.0000,1579000.0000,285401
2026-08-04T00:00:00Z,1620000.0000,1630000.0000,1555000.0000,1557000.0000,874097
2026-08-04T00:30:00Z,1557000.0000,1557000.0000,1484000.0000,1492000.0000,684460
2026-08-04T01:00:00Z,1492000.0000,1515000.0000,1483000.0000,1513000.0000,502996
2026-08-04T01:30:00Z,1513000.0000,1585000.0000,1509000.0000,1572000.0000,579823
2026-08-04T02:00:00Z,1573000.0000,1575000.0000,1522000.0000,1522000.0000,306798
2026-08-04T02:30:00Z,1522000.0000,1550000.0000,1522000.0000,1533000.0000,168093
2026-08-04T03:00:00Z,1533000.0000,1539000.0000,1511000.0000,1521000.0000,172087
2026-08-04T03:30:00Z,1522000.0000,1538000.0000,1517000.0000,1519000.0000,150562
2026-08-04T04:00:00Z,1519000.0000,1523000.0000,1500000.0000,1517000.0000,164757
2026-08-04T04:30:00Z,1517500.0000,1523000.0000,1501000.0000,1512000.0000,171657
2026-08-04T05:00:00Z,1511000.0000,1525000.0000,1493000.0000,1523000.0000,351194
2026-08-04T05:30:00Z,1523000.0000,1569000.0000,1522000.0000,1563000.0000,468895
2026-08-05T00:00:00Z,1693000.0000,1698000.0000,1660000.0000,1698000.0000,789113
2026-08-05T00:30:00Z,1697500.0000,1701000.0000,1661000.0000,1675000.0000,410874
2026-08-05T01:00:00Z,1674000.0000,1679000.0000,1647000.0000,1658000.0000,295547
2026-08-05T01:30:00Z,1658000.0000,1683000.0000,1654000.0000,1682000.0000,216896
2026-08-05T02:00:00Z,1682000.0000,1692000.0000,1661000.0000,1662000.0000,227779
2026-08-05T02:30:00Z,1662000.0000,1672000.0000,1652000.0000,1662000.0000,175377
2026-08-05T03:00:00Z,1662000.0000,1685000.0000,1662000.0000,1674000.0000,146607
2026-08-05T03:30:00Z,1674000.0000,1687000.0000,1672000.0000,1685000.0000,155428
2026-08-05T04:00:00Z,1684000.0000,1690000.0000,1670000.0000,1671000.0000,144202
2026-08-05T04:30:00Z,1671000.0000,1695000.0000,1671000.0000,1693000.0000,221471
2026-08-05T05:00:00Z,1693000.0000,1698000.0000,1684000.0000,1685000.0000,179208
2026-08-05T05:30:00Z,1686000.0000,1687000.0000,1675000.0000,1685000.0000,205556
2026-08-06T00:00:00Z,1600000.0000,1606000.0000,1548000.0000,1550500.0000,762620
2026-08-06T00:30:00Z,1550500.0000,1561000.0000,1521000.0000,1529000.0000,556546
2026-08-06T01:00:00Z,1529000.0000,1535000.0000,1505000.0000,1513000.0000,478782
2026-08-06T01:30:00Z,1513000.0000,1536000.0000,1507000.0000,1527000.0000,317829
2026-08-06T02:00:00Z,1527000.0000,1536000.0000,1517000.0000,1528000.0000,227755
2026-08-06T02:30:00Z,1528000.0000,1546000.0000,1525000.0000,1528000.0000,213448
2026-08-06T03:00:00Z,1528000.0000,1533000.0000,1516000.0000,1516000.0000,191230
2026-08-06T03:30:00Z,1516000.0000,1523000.0000,1511000.0000,1516000.0000,220047
2026-08-06T04:00:00Z,1516000.0000,1516000.0000,1503000.0000,1508000.0000,240770
2026-08-06T04:30:00Z,1508000.0000,1521000.0000,1496000.0000,1508000.0000,408231
2026-08-06T05:00:00Z,1507000.0000,1526000.0000,1503000.0000,1513000.0000,270801
2026-08-06T05:30:00Z,1514000.0000,1514000.0000,1494000.0000,1507000.0000,357248
2026-08-07T00:00:00Z,1521000.0000,1542000.0000,1477000.0000,1486000.0000,869758
2026-08-07T00:30:00Z,1486000.0000,1488000.0000,1454000.0000,1481000.0000,491536
2026-08-07T01:00:00Z,1482000.0000,1487000.0000,1421000.0000,1429000.0000,598774
2026-08-07T01:30:00Z,1429000.0000,1442000.0000,1409000.0000,1428000.0000,545713
2026-08-07T02:00:00Z,1427500.0000,1445000.0000,1421000.0000,1432000.0000,308668
2026-08-07T02:30:00Z,1433000.0000,1438000.0000,1422000.0000,1433500.0000,175196
2026-08-07T03:00:00Z,1433000.0000,1445000.0000,1423000.0000,1425000.0000,189870
2026-08-07T03:30:00Z,1424000.0000,1433000.0000,1416000.0000,1416000.0000,196841
2026-08-07T04:00:00Z,1416000.0000,1432000.0000,1414000.0000,1423000.0000,181652
2026-08-07T04:30:00Z,1423000.0000,1427000.0000,1411000.0000,1417000.0000,193954
2026-08-07T05:00:00Z,1416000.0000,1430000.0000,1415000.0000,1422000.0000,233373
2026-08-07T05:30:00Z,1422000.0000,1425000.0000,1414000.0000,1416000.0000,268362
2026-08-10T00:00:00Z,1443000.0000,1487000.0000,1418000.0000,1464000.0000,502052
2026-08-10T00:30:00Z,1464000.0000,1467000.0000,1429000.0000,1434000.0000,309342
2026-08-10T01:00:00Z,1434000.0000,1452000.0000,1426000.0000,1446000.0000,186924
2026-08-10T01:30:00Z,1446000.0000,1455000.0000,1425000.0000,1443000.0000,212850
2026-08-10T02:00:00Z,1443000.0000,1449000.0000,1431000.0000,1433000.0000,123767
2026-08-10T02:30:00Z,1432000.0000,1450000.0000,1425000.0000,1442000.0000,143944
2026-08-10T03:00:00Z,1442000.0000,1444000.0000,1433000.0000,1434000.0000,89659
2026-08-10T03:30:00Z,1434000.0000,1442000.0000,1431000.0000,1438000.0000,102648
2026-08-10T04:00:00Z,1438000.0000,1443000.0000,1428000.0000,1431000.0000,122198
2026-08-10T04:30:00Z,1431000.0000,1432000.0000,1397000.0000,1404000.0000,295902
2026-08-10T05:00:00Z,1404000.0000,1430000.0000,1403000.0000,1420000.0000,217781
2026-08-10T05:30:00Z,1421000.0000,1422000.0000,1408000.0000,1414000.0000,184919
2026-08-11T00:00:00Z,1405000.0000,1410000.0000,1375000.0000,1390000.0000,587001
2026-08-11T00:30:00Z,1390000.0000,1397000.0000,1377000.0000,1388000.0000,262390
2026-08-11T01:00:00Z,1388000.0000,1426000.0000,1373000.0000,1403000.0000,547834
2026-08-11T01:30:00Z,1403000.0000,1424000.0000,1395000.0000,1415000.0000,264490
2026-08-11T02:00:00Z,1415000.0000,1422000.0000,1404000.0000,1407000.0000,171366
2026-08-11T02:30:00Z,1407000.0000,1422000.0000,1405000.0000,1418000.0000,121231
2026-08-11T03:00:00Z,1418000.0000,1436000.0000,1417000.0000,1433000.0000,238182
2026-08-11T03:30:00Z,1434000.0000,1446000.0000,1428000.0000,1437000.0000,223631
2026-08-11T04:00:00Z,1437000.0000,1450000.0000,1433000.0000,1448000.0000,246410
2026-08-11T04:30:00Z,1449000.0000,1455000.0000,1438000.0000,1439000.0000,200707
2026-08-11T05:00:00Z,1440000.0000,1444500.0000,1423000.0000,1423000.0000,210702
2026-08-11T05:30:00Z,1424000.0000,1435000.0000,1422000.0000,1428000.0000,181412
2026-08-12T00:00:00Z,1456000.0000,1478000.0000,1440000.0000,1472000.0000,579157
2026-08-12T00:30:00Z,1472000.0000,1472000.0000,1442000.0000,1443500.0000,276372
2026-08-12T01:00:00Z,1444000.0000,1467000.0000,1441000.0000,1463000.0000,239348
2026-08-12T01:30:00Z,1463000.0000,1485000.0000,1458000.0000,1484500.0000,362559
2026-08-12T02:00:00Z,1485000.0000,1503000.0000,1475000.0000,1502000.0000,315490
2026-08-12T02:30:00Z,1502000.0000,1522000.0000,1501000.0000,1516000.0000,307834
2026-08-12T03:00:00Z,1516000.0000,1549000.0000,1516000.0000,1539000.0000,449054
2026-08-12T03:30:00Z,1539000.0000,1540000.0000,1518000.0000,1520000.0000,242454
2026-08-12T04:00:00Z,1521000.0000,1531000.0000,1517000.0000,1521000.0000,175556
2026-08-12T04:30:00Z,1520000.0000,1522000.0000,1506000.0000,1506000.0000,208753
2026-08-12T05:00:00Z,1506000.0000,1511000.0000,1485000.0000,1497000.0000,279202
2026-08-12T05:30:00Z,1498000.0000,1508000.0000,1497000.0000,1500000.0000,236219
2026-08-13T00:00:00Z,1582000.0000,1634000.0000,1567000.0000,1619000.0000,1019815
2026-08-13T00:30:00Z,1619000.0000,1624000.0000,1593000.0000,1610000.0000,366464
2026-08-13T01:00:00Z,1611000.0000,1627000.0000,1606000.0000,1609000.0000,287950
2026-08-13T01:30:00Z,1608000.0000,1614000.0000,1601000.0000,1611000.0000,233370
2026-08-13T02:00:00Z,1611000.0000,1620000.0000,1606000.0000,1607000.0000,171739
2026-08-13T02:30:00Z,1607000.0000,1618000.0000,1598000.0000,1618000.0000,186866
2026-08-13T03:00:00Z,1617000.0000,1621000.0000,1611000.0000,1616000.0000,172017
2026-08-13T03:30:00Z,1617000.0000,1624000.0000,1610000.0000,1624000.0000,167626
2026-08-13T04:00:00Z,1623000.0000,1633000.0000,1607000.0000,1609000.0000,279824
2026-08-13T04:30:00Z,1610000.0000,1617000.0000,1606000.0000,1614000.0000,178101
2026-08-13T05:00:00Z,1614000.0000,1617000.0000,1605000.0000,1606000.0000,174517
2026-08-13T05:30:00Z,1606000.0000,1610000.0000,1586000.0000,1586000.0000,338060
2026-08-14T00:00:00Z,1695000.0000,1697000.0000,1666000.0000,1680000.0000,869205
2026-08-14T00:30:00Z,1680000.0000,1693000.0000,1660000.0000,1662000.0000,341670
2026-08-14T01:00:00Z,1661000.0000,1665000.0000,1638000.0000,1651000.0000,460792
2026-08-14T01:30:00Z,1651000.0000,1652000.0000,1626000.0000,1633000.0000,375838
2026-08-14T02:00:00Z,1633500.0000,1654000.0000,1633000.0000,1651000.0000,217803
2026-08-14T02:30:00Z,1651000.0000,1662000.0000,1638000.0000,1639000.0000,199157
2026-08-14T03:00:00Z,1639000.0000,1646000.0000,1632000.0000,1644000.0000,191732
2026-08-14T03:30:00Z,1643000.0000,1648000.0000,1637000.0000,1640000.0000,161150
2026-08-14T04:00:00Z,1640000.0000,1662000.0000,1633000.0000,1658000.0000,219011
2026-08-14T04:30:00Z,1658000.0000,1662000.0000,1650000.0000,1651000.0000,227046
2026-08-14T05:00:00Z,1651000.0000,1652000.0000,1634000.0000,1644000.0000,234655
2026-08-14T05:30:00Z,1644000.0000,1659000.0000,1639000.0000,1651500.0000,256672
2026-08-18T00:00:00Z,1736000.0000,1773000.0000,1727000.0000,1771000.0000,573136
2026-08-18T00:30:00Z,1771000.0000,1792000.0000,1757000.0000,1760000.0000,591758
2026-08-18T01:00:00Z,1760000.0000,1777000.0000,1750000.0000,1775500.0000,284023
2026-08-18T01:30:00Z,1775500.0000,1776000.0000,1718000.0000,1728000.0000,419052
2026-08-18T02:00:00Z,1729000.0000,1739000.0000,1686000.0000,1689000.0000,443527
2026-08-18T02:30:00Z,1689000.0000,1695000.0000,1668000.0000,1678000.0000,441721
2026-08-18T03:00:00Z,1679000.0000,1685000.0000,1654000.0000,1670000.0000,243832
2026-08-18T03:30:00Z,1669000.0000,1680000.0000,1650000.0000,1673000.0000,262739
2026-08-18T04:00:00Z,1674000.0000,1695000.0000,1663000.0000,1693000.0000,230195
2026-08-18T04:30:00Z,1693000.0000,1703000.0000,1675000.0000,1702000.0000,217839
2026-08-18T05:00:00Z,1702000.0000,1706000.0000,1661000.0000,1663000.0000,201773
2026-08-18T05:30:00Z,1662500.0000,1665000.0000,1648000.0000,1651500.0000,245416
2026-08-19T00:00:00Z,1545000.0000,1547000.0000,1501000.0000,1513000.0000,888718
2026-08-19T00:30:00Z,1514000.0000,1536000.0000,1510000.0000,1521000.0000,404747
2026-08-19T01:00:00Z,1521000.0000,1559000.0000,1519000.0000,1545000.0000,467116
2026-08-19T01:30:00Z,1544000.0000,1550000.0000,1531000.0000,1542000.0000,228696
2026-08-19T02:00:00Z,1542000.0000,1542000.0000,1522000.0000,1525000.0000,160046
2026-08-19T02:30:00Z,1524000.0000,1530000.0000,1520000.0000,1521000.0000,128395
2026-08-19T03:00:00Z,1521000.0000,1527000.0000,1515000.0000,1517000.0000,123460
2026-08-19T03:30:00Z,1516000.0000,1521000.0000,1510000.0000,1516000.0000,161635
2026-08-19T04:00:00Z,1516000.0000,1521000.0000,1509000.0000,1516000.0000,144361
2026-08-19T04:30:00Z,1516000.0000,1518000.0000,1504000.0000,1509000.0000,195228
2026-08-19T05:00:00Z,1509000.0000,1521000.0000,1506000.0000,1515000.0000,170764
2026-08-19T05:30:00Z,1515000.0000,1516000.0000,1500000.0000,1501000.0000,264928
2026-08-20T00:00:00Z,1613000.0000,1635000.0000,1576000.0000,1622000.0000,867803
2026-08-20T00:30:00Z,1622000.0000,1672000.0000,1615000.0000,1669000.0000,566981
2026-08-20T01:00:00Z,1669000.0000,1680000.0000,1655000.0000,1658000.0000,456605
2026-08-20T01:30:00Z,1658500.0000,1700000.0000,1657000.0000,1685000.0000,434602
2026-08-20T02:00:00Z,1685000.0000,1699000.0000,1670000.0000,1681000.0000,319885
2026-08-20T02:30:00Z,1681000.0000,1692000.0000,1668000.0000,1677000.0000,218471
2026-08-20T03:00:00Z,1678000.0000,1692000.0000,1673000.0000,1688000.0000,210743
2026-08-20T03:30:00Z,1687000.0000,1700000.0000,1681000.0000,1697000.0000,286144
2026-08-20T04:00:00Z,1696000.0000,1720000.0000,1693000.0000,1711500.0000,352130
2026-08-20T04:30:00Z,1712000.0000,1712000.0000,1693000.0000,1697000.0000,276197
2026-08-20T05:00:00Z,1696000.0000,1700000.0000,1675000.0000,1688000.0000,306492
2026-08-20T05:30:00Z,1688000.0000,1695000.0000,1664000.0000,1665000.0000,323891
2026-08-21T00:00:00Z,1675000.0000,1724000.0000,1669000.0000,1709000.0000,703361
2026-08-21T00:30:00Z,1709000.0000,1773000.0000,1702000.0000,1751000.0000,714999
2026-08-21T01:00:00Z,1750000.0000,1770000.0000,1737000.0000,1762000.0000,434041
2026-08-21T01:30:00Z,1762000.0000,1763000.0000,1734000.0000,1748000.0000,351249
2026-08-21T02:00:00Z,1748000.0000,1759000.0000,1739000.0000,1755000.0000,205402
2026-08-21T02:30:00Z,1754000.0000,1768000.0000,1753000.0000,1765000.0000,261137
2026-08-21T03:00:00Z,1765000.0000,1768000.0000,1750000.0000,1757000.0000,230483
2026-08-21T03:30:00Z,1757000.0000,1762000.0000,1740000.0000,1747000.0000,199199
2026-08-21T04:00:00Z,1747000.0000,1752000.0000,1725000.0000,1730000.0000,201668
2026-08-21T04:30:00Z,1730000.0000,1741000.0000,1726000.0000,1733000.0000,162946
2026-08-21T05:00:00Z,1733000.0000,1744000.0000,1732000.0000,1740000.0000,206273
2026-08-21T05:30:00Z,1741000.0000,1742000.0000,1725000.0000,1727000.0000,201235
2026-08-24T00:00:00Z,1775000.0000,1792000.0000,1726000.0000,1729000.0000,511379
2026-08-24T00:30:00Z,1730000.0000,1767000.0000,1725000.0000,1766000.0000,344583
2026-08-24T01:00:00Z,1766000.0000,1770000.0000,1751000.0000,1762000.0000,243939
2026-08-24T01:30:00Z,1762000.0000,1762000.0000,1715000.0000,1715000.0000,291643
2026-08-24T02:00:00Z,1716000.0000,1722000.0000,1696000.0000,1716000.0000,307057
2026-08-24T02:30:00Z,1715000.0000,1727000.0000,1695000.0000,1707000.0000,255217
2026-08-24T03:00:00Z,1707000.0000,1709000.0000,1673000.0000,1677000.0000,277146
2026-08-24T03:30:00Z,1677000.0000,1690000.0000,1673000.0000,1681000.0000,208079
2026-08-24T04:00:00Z,1681000.0000,1705000.0000,1677000.0000,1690000.0000,192964
2026-08-24T04:30:00Z,1691000.0000,1704000.0000,1688000.0000,1692000.0000,195111
2026-08-24T05:00:00Z,1692000.0000,1707000.0000,1680000.0000,1681500.0000,208872
2026-08-24T05:30:00Z,1681000.0000,1688000.0000,1673000.0000,1676000.0000,208725
2026-08-25T00:00:00Z,1598000.0000,1610000.0000,1557000.0000,1586000.0000,868689
2026-08-25T00:30:00Z,1586000.0000,1597000.0000,1573000.0000,1593000.0000,424742
2026-08-25T01:00:00Z,1593000.0000,1594000.0000,1568000.0000,1571000.0000,253905
2026-08-25T01:30:00Z,1572000.0000,1610000.0000,1571000.0000,1595000.0000,330478
2026-08-25T02:00:00Z,1594000.0000,1602000.0000,1588000.0000,1593000.0000,171756
2026-08-25T02:30:00Z,1593000.0000,1601000.0000,1585000.0000,1592000.0000,149342
2026-08-25T03:00:00Z,1592000.0000,1616000.0000,1588000.0000,1615000.0000,169254
2026-08-25T03:30:00Z,1615000.0000,1624000.0000,1605000.0000,1612000.0000,211503
2026-08-25T04:00:00Z,1613000.0000,1647000.0000,1610000.0000,1635500.0000,258691
2026-08-25T04:30:00Z,1636000.0000,1655000.0000,1635000.0000,1641000.0000,221507
2026-08-25T05:00:00Z,1641000.0000,1673000.0000,1635000.0000,1672000.0000,236566
2026-08-25T05:30:00Z,1672000.0000,1682000.0000,1666000.0000,1667000.0000,228052
2026-08-26T00:00:00Z,1668000.0000,1717000.0000,1662000.0000,1693000.0000,523789
2026-08-26T00:30:00Z,1692000.0000,1700000.0000,1671000.0000,1674000.0000,247141
2026-08-26T01:00:00Z,1674000.0000,1698000.0000,1673000.0000,1682000.0000,191862
2026-08-26T01:30:00Z,1682000.0000,1688000.0000,1671000.0000,1684000.0000,164086
2026-08-26T02:00:00Z,1685000.0000,1710000.0000,1675000.0000,1708000.0000,192172
2026-08-26T02:30:00Z,1708000.0000,1735000.0000,1704500.0000,1717000.0000,342741
2026-08-26T03:00:00Z,1718000.0000,1733000.0000,1714000.0000,1716000.0000,182466
2026-08-26T03:30:00Z,1716000.0000,1729000.0000,1710000.0000,1725000.0000,157378
2026-08-26T04:00:00Z,1725000.0000,1728000.0000,1719000.0000,1724000.0000,147237
2026-08-26T04:30:00Z,1724000.0000,1729000.0000,1715000.0000,1716000.0000,168112
2026-08-26T05:00:00Z,1716000.0000,1720000.0000,1693000.0000,1704000.0000,207637
2026-08-26T05:30:00Z,1704000.0000,1713000.0000,1699000.0000,1704000.0000,159836
2026-08-27T00:00:00Z,1776000.0000,1788000.0000,1754000.0000,1763000.0000,623762
2026-08-27T00:30:00Z,1763000.0000,1764000.0000,1713000.0000,1719000.0000,411991
2026-08-27T01:00:00Z,1719000.0000,1741000.0000,1708000.0000,1738000.0000,301984
2026-08-27T01:30:00Z,1739000.0000,1749000.0000,1724000.0000,1740000.0000,190644
2026-08-27T02:00:00Z,1740000.0000,1750000.0000,1739000.0000,1740000.0000,182339
2026-08-27T02:30:00Z,1741000.0000,1758000.0000,1739000.0000,1751000.0000,191980
2026-08-27T03:00:00Z,1753000.0000,1757000.0000,1744000.0000,1747000.0000,142985
2026-08-27T03:30:00Z,1747000.0000,1752000.0000,1737000.0000,1742000.0000,135258
2026-08-27T04:00:00Z,1742000.0000,1747000.0000,1734000.0000,1736000.0000,133780
2026-08-27T04:30:00Z,1737000.0000,1741000.0000,1728000.0000,1733000.0000,141841
2026-08-27T05:00:00Z,1733000.0000,1737000.0000,1719000.0000,1726000.0000,189878
2026-08-27T05:30:00Z,1727000.0000,1727000.0000,1712000.0000,1717000.0000,227574
2026-08-28T00:00:00Z,1704000.0000,1717000.0000,1687000.0000,1715000.0000,367311
2026-08-28T00:30:00Z,1716000.0000,1725000.0000,1708000.0000,1710000.0000,198889
2026-08-28T01:00:00Z,1709000.0000,1716000.0000,1701000.0000,1702000.0000,151762
2026-08-28T01:30:00Z,1703000.0000,1717000.0000,1701000.0000,1707000.0000,147839
2026-08-28T02:00:00Z,1707000.0000,1712000.0000,1702000.0000,1704000.0000,146463
2026-08-28T02:30:00Z,1704000.0000,1705000.0000,1692000.0000,1697000.0000,158499
2026-08-28T03:00:00Z,1698000.0000,1698000.0000,1691000.0000,1692000.0000,122939
2026-08-28T03:30:00Z,1691000.0000,1699000.0000,1676000.0000,1693000.0000,271890
2026-08-28T04:00:00Z,1693000.0000,1694000.0000,1683000.0000,1686000.0000,151795
2026-08-28T04:30:00Z,1686000.0000,1687000.0000,1681000.0000,1683000.0000,138631
2026-08-28T05:00:00Z,1683000.0000,1684000.0000,1671000.0000,1679000.0000,207066
2026-08-28T05:30:00Z,1678000.0000,1679000.0000,1670000.0000,1674000.0000,195884
2026-08-31T00:00:00Z,1596000.0000,1622000.0000,1577000.0000,1620000.0000,322926
2026-08-31T00:30:00Z,1619000.0000,1635000.0000,1601000.0000,1602000.0000,247835
2026-08-31T01:00:00Z,1602000.0000,1605000.0000,1590000.0000,1602000.0000,254788
2026-08-31T01:30:00Z,1601000.0000,1618000.0000,1601000.0000,1616000.0000,189386
2026-08-31T02:00:00Z,1616000.0000,1624000.0000,1608000.0000,1615000.0000,160998
2026-08-31T02:30:00Z,1614000.0000,1620000.0000,1606000.0000,1619000.0000,146259
2026-08-31T03:00:00Z,1619000.0000,1636000.0000,1618000.0000,1622000.0000,157190
2026-08-31T03:30:00Z,1623000.0000,1630000.0000,1615000.0000,1619000.0000,128681
2026-08-31T04:00:00Z,1618000.0000,1625000.0000,1613000.0000,1618000.0000,118434
2026-08-31T04:30:00Z,1619000.0000,1647000.0000,1612000.0000,1642500.0000,208261
2026-08-31T05:00:00Z,1642500.0000,1665000.0000,1640000.0000,1660000.0000,237765
2026-08-31T05:30:00Z,1660000.0000,1661000.0000,1642000.0000,1645000.0000,176311
2026-09-01T00:00:00Z,1666000.0000,1679000.0000,1652000.0000,1674000.0000,375743
2026-09-01T00:30:00Z,1674000.0000,1704000.0000,1670000.0000,1703000.0000,353587
2026-09-01T01:00:00Z,1703000.0000,1713000.0000,1687000.0000,1693000.0000,300050
2026-09-01T01:30:00Z,1693000.0000,1703000.0000,1679000.0000,1684500.0000,182263
2026-09-01T02:00:00Z,1685000.0000,1698000.0000,1679000.0000,1681000.0000,129765
2026-09-01T02:30:00Z,1681000.0000,1685000.0000,1670000.0000,1683000.0000,135579
2026-09-01T03:00:00Z,1682000.0000,1689000.0000,1681000.0000,1684000.0000,90239
2026-09-01T03:30:00Z,1685000.0000,1696000.0000,1683000.0000,1694000.0000,102767
2026-09-01T04:00:00Z,1694000.0000,1700000.0000,1693000.0000,1695000.0000,117698
2026-09-01T04:30:00Z,1695000.0000,1705000.0000,1692000.0000,1693000.0000,161660
2026-09-01T05:00:00Z,1694000.0000,1698000.0000,1684000.0000,1696000.0000,113984
2026-09-01T05:30:00Z,1695000.0000,1703000.0000,1694000.0000,1696000.0000,167095
2026-09-02T00:00:00Z,1630000.0000,1657000.0000,1626000.0000,1649000.0000,389370
2026-09-02T00:30:00Z,1649000.0000,1661000.0000,1636000.0000,1640000.0000,204341
2026-09-02T01:00:00Z,1640000.0000,1651000.0000,1636000.0000,1637000.0000,150700
2026-09-02T01:30:00Z,1638000.0000,1639000.0000,1626000.0000,1633000.0000,188120
2026-09-02T02:00:00Z,1632000.0000,1641000.0000,1627000.0000,1637000.0000,122492
2026-09-02T02:30:00Z,1637000.0000,1641000.0000,1631000.0000,1636000.0000,116817
2026-09-02T03:00:00Z,1636000.0000,1639500.0000,1630000.0000,1631000.0000,103570
2026-09-02T03:30:00Z,1630000.0000,1632000.0000,1625000.0000,1626000.0000,120987
2026-09-02T04:00:00Z,1626000.0000,1627000.0000,1618000.0000,1620000.0000,166945
2026-09-02T04:30:00Z,1620000.0000,1623000.0000,1612000.0000,1619000.0000,167837
2026-09-02T05:00:00Z,1618500.0000,1631000.0000,1612000.0000,1631000.0000,154541
2026-09-02T05:30:00Z,1630000.0000,1632000.0000,1618000.0000,1618000.0000,156875
